Id,Area,Bedrooms,Bathrooms,Floors,YearBuilt,Location,Condition,Garage,Price
1,1460,1,1,3,2014,Rural,Good,No,461297
2,4372,5,3,2,1975,Suburban,Poor,No,1184771
3,3692,5,3,2,1959,Urban,Good,No,1103954
4,1066,1,1,1,2019,Rural,Poor,No,305026
5,4044,4,4,3,1992,Rural,Good,No,1067784
6,3771,4,3,2,2019,Downtown,Good,No,1184306
7,3519,5,3,2,2021,Rural,Poor,No,940026
8,730,1,1,1,2008,Suburban,Excellent,No,426535
9,2285,3,3,2,1952,Rural,Fair,No,712263
10,1369,1,1,2,1954,Rural,Poor,Yes,392670
11,2991,3,2,2,1986,Rural,Excellent,Yes,962642
12,3033,3,2,1,2001,Rural,Fair,Yes,809274
13,1784,2,1,2,2015,Downtown,Poor,Yes,686351
14,3985,5,4,1,2012,Downtown,Good,Yes,1357891
15,4717,5,4,2,1956,Downtown,Fair,Yes,1269059
16,3504,3,2,1,2002,Downtown,Excellent,No,1144952
17,1074,1,1,1,1955,Urban,Poor,Yes,331020
18,1682,3,2,1,1956,Suburban,Poor,Yes,564499
19,3158,3,1,1,1993,Urban,Excellent,Yes,994732
20,2647,4,2,1,1967,Suburban,Fair,No,779703
21,3347,4,3,3,2003,Suburban,Excellent,Yes,1102314
22,1575,1,1,2,1978,Suburban,Fair,No,569412
23,2406,2,2,2,1974,Urban,Poor,Yes,842260
24,789,1,1,2,2012,Urban,Poor,No,429926
25,3334,4,3,2,2017,Downtown,Fair,Yes,1180523
26,3605,5,3,3,1962,Urban,Good,No,1136207
27,2499,2,2,1,1981,Suburban,Poor,Yes,670399
28,1867,4,2,1,1976,Suburban,Good,No,611772
29,2128,3,1,3,2000,Suburban,Good,Yes,790366
30,3802,4,3,2,1983,Urban,Good,Yes,1170871
31,4156,4,3,1,1977,Downtown,Fair,Yes,1249906
32,4490,5,4,1,2022,Suburban,Good,No,1262863
33,1246,2,1,1,2021,Downtown,Fair,Yes,571747
34,3488,4,2,3,1979,Suburban,Fair,Yes,963781
35,3035,3,2,1,1958,Suburban,Excellent,No,1000200
36,1200,2,1,3,1962,Downtown,Good,Yes,747290
37,2963,3,2,3,2013,Suburban,Poor,No,763979
38,2661,3,2,2,1987,Suburban,Fair,No,761567
39,841,1,1,1,1971,Suburban,Fair,Yes,304848
40,2641,2,2,1,1980,Downtown,Good,Yes,936841
41,3424,4,3,2,1991,Suburban,Poor,Yes,975214
42,3212,4,1,2,2011,Downtown,Good,Yes,1109858
43,1963,1,1,2,2013,Urban,Good,Yes,719038
44,2078,3,2,2,2023,Urban,Excellent,Yes,920513
45,3156,4,3,3,1958,Urban,Fair,Yes,1037966
46,1375,1,1,2,1993,Urban,Good,Yes,647146
47,4614,4,3,2,2012,Downtown,Fair,Yes,1424190
48,634,1,1,3,1989,Urban,Good,Yes,474731
49,3752,4,3,1,1990,Downtown,Good,Yes,1199781
50,2555,3,2,1,2021,Rural,Poor,Yes,743901
51,2185,2,1,1,1999,Downtown,Good,Yes,818582
52,4543,5,3,1,1969,Rural,Good,Yes,1192994
53,3673,3,1,2,2019,Rural,Fair,No,889512
54,1621,1,1,1,1991,Urban,Fair,Yes,671149
55,4061,2,1,2,1982,Urban,Fair,No,1072805
56,3213,4,3,3,2012,Urban,Poor,No,929052
57,4443,5,4,1,2006,Rural,Poor,Yes,1137494
58,2100,3,2,2,2014,Suburban,Good,No,779136
59,761,1,1,1,2001,Rural,Fair,Yes,273601
60,4897,5,4,1,1955,Urban,Fair,Yes,1364139
61,2581,3,2,2,1956,Rural,Good,Yes,758795
62,1595,1,1,3,1958,Urban,Good,No,551742
63,3942,3,2,2,2010,Rural,Excellent,No,1027659
64,4398,5,3,1,1983,Downtown,Excellent,Yes,1489278
65,1875,3,2,2,1984,Suburban,Good,No,656030
66,1616,1,1,1,1969,Suburban,Fair,No,535471
67,937,1,1,1,2007,Suburban,Good,Yes,511345
68,1478,1,1,2,2009,Urban,Good,No,585528
69,1676,1,1,1,2003,Suburban,Good,Yes,637564
70,4593,5,4,2,1984,Urban,Fair,No,1311373
71,979,1,1,2,1996,Suburban,Good,No,501014
72,1092,1,1,2,1995,Suburban,Good,No,488136
73,2662,3,2,1,1953,Urban,Good,Yes,868084
74,4484,5,3,3,1959,Suburban,Good,Yes,1342757
75,664,1,1,2,1989,Downtown,Poor,Yes,473884
76,3168,2,1,2,2004,Downtown,Good,Yes,1016032
77,2627,3,2,1,2022,Urban,Good,Yes,927256
78,3295,3,2,2,1989,Rural,Fair,No,899212
79,2095,2,1,2,1972,Suburban,Excellent,Yes,836716
80,991,1,1,1,1964,Suburban,Excellent,Yes,507215
81,4161,3,1,1,1954,Urban,Fair,Yes,1111125
82,2878,3,2,2,1989,Suburban,Poor,No,799820
83,3699,4,2,3,1967,Urban,Good,Yes,1095252
84,800,1,1,2,1970,Suburban,Good,Yes,462941
85,3704,4,3,1,1952,Urban,Good,No,993086
86,3054,3,2,2,1995,Suburban,Good,Yes,997177
87,4245,4,1,3,2002,Downtown,Excellent,No,1361962
88,1404,2,2,2,1969,Rural,Good,No,359729
89,3331,4,2,1,2008,Suburban,Poor,Yes,888117
90,3373,3,2,3,1970,Rural,Good,No,824745
91,2170,1,1,1,2000,Downtown,Good,No,732812
92,3290,2,1,2,1974,Downtown,Excellent,No,1073067
93,4440,5,4,2,2017,Urban,Fair,No,1374752
94,1628,2,2,3,1959,Urban,Good,No,687091
95,1102,1,1,3,2016,Suburban,Good,No,497876
96,1470,1,1,3,1958,Urban,Good,No,616035
97,806,1,1,1,1978,Urban,Poor,Yes,410806
98,2084,3,3,3,1986,Urban,Excellent,Yes,981239
99,1463,3,2,1,2020,Suburban,Good,Yes,705846
100,3390,3,2,1,1987,Urban,Excellent,No,1071851
101,1163,2,1,2,2021,Rural,Good,Yes,440724
102,4791,5,2,2,2008,Downtown,Good,Yes,1515370
103,2357,2,2,2,2006,Suburban,Excellent,No,828060
104,2278,3,1,2,2009,Suburban,Excellent,Yes,822592
105,3842,4,3,3,1977,Urban,Excellent,Yes,1172428
106,1659,2,2,1,1977,Suburban,Poor,Yes,488136
107,2322,3,2,1,1995,Urban,Good,No,838927
108,3914,3,2,3,2020,Suburban,Poor,Yes,1034066
109,3757,4,3,1,2016,Suburban,Fair,No,1098775
110,3225,3,2,2,2004,Downtown,Fair,No,1093404
111,3329,3,2,2,1987,Suburban,Good,Yes,904246
112,2197,2,1,2,1967,Suburban,Good,No,643095
113,3660,3,1,2,2012,Suburban,Good,No,1032040
114,3293,4,3,1,1954,Urban,Good,No,1082219
115,4227,4,3,3,1993,Downtown,Poor,Yes,1208844
116,1963,2,2,1,1978,Urban,Excellent,Yes,817102
117,2581,3,3,2,1963,Rural,Fair,Yes,694469
118,2263,1,1,1,2007,Rural,Good,No,618320
119,2129,2,2,2,1993,Urban,Good,Yes,811620
120,2638,2,1,2,1967,Urban,Excellent,Yes,900856
121,3902,5,4,3,1956,Suburban,Excellent,Yes,1328668
122,2837,3,2,2,2011,Suburban,Fair,Yes,933256
123,1906,2,1,2,1994,Suburban,Poor,No,543647
124,4629,5,3,3,1965,Downtown,Good,No,1378382
125,3275,3,2,2,2013,Downtown,Good,Yes,1158296
126,1882,2,2,2,1986,Urban,Good,No,720912
127,1309,1,1,2,1974,Downtown,Poor,Yes,548134
128,4348,4,1,2,1958,Suburban,Good,No,1104264
129,1263,1,1,3,2004,Suburban,Fair,Yes,546501
130,2598,2,2,1,1977,Suburban,Good,No,749789
131,4045,4,2,2,1958,Downtown,Fair,No,1132320
132,4343,5,3,2,1961,Suburban,Excellent,Yes,1316817
133,2095,2,2,3,1967,Suburban,Fair,Yes,698347
134,3904,4,4,3,2005,Urban,Good,No,1225511
135,4363,5,3,2,2023,Urban,Fair,Yes,1218539
136,2453,2,1,2,2007,Suburban,Good,No,780966
137,1891,1,1,2,2000,Rural,Excellent,Yes,567007
138,4181,4,3,2,1981,Downtown,Fair,Yes,1308839
139,4057,4,2,3,1997,Suburban,Excellent,Yes,1221585
140,2236,3,3,3,1957,Rural,Excellent,Yes,806764
141,4296,5,4,3,1979,Suburban,Good,Yes,1261267
142,3599,4,2,1,1975,Suburban,Poor,Yes,966915
143,3752,4,2,3,1973,Downtown,Excellent,No,1190443
144,1298,1,1,3,1976,Suburban,Excellent,Yes,695526
145,2760,2,2,2,1988,Suburban,Excellent,Yes,897000
146,4697,4,2,2,2015,Suburban,Excellent,Yes,1404617
147,1454,2,1,2,2000,Urban,Good,Yes,614329
148,4074,3,2,2,2022,Rural,Good,Yes,1080222
149,2307,3,2,3,1999,Urban,Good,Yes,852694
150,3377,3,1,2,1994,Rural,Good,Yes,896271
151,2333,2,1,2,1982,Suburban,Good,No,745844
152,4110,4,3,2,1968,Suburban,Good,Yes,1199683
153,802,2,2,2,1962,Suburban,Good,Yes,501913
154,3855,4,2,3,1971,Suburban,Excellent,No,1112773
155,4818,5,3,2,1969,Downtown,Fair,No,1369314
156,1366,2,2,2,1954,Downtown,Good,Yes,653021
157,4989,5,3,1,1981,Suburban,Fair,No,1346301
158,2927,2,1,2,1979,Rural,Fair,Yes,707497
159,3531,4,3,2,1975,Suburban,Good,Yes,1056244
160,797,1,1,3,1953,Urban,Excellent,No,517608
161,2530,2,1,1,2016,Urban,Good,No,781188
162,4182,4,3,2,1992,Suburban,Fair,Yes,1190883
163,1208,1,1,1,1979,Suburban,Good,No,523264
164,3872,4,3,2,1965,Rural,Good,Yes,1022326
165,1747,2,2,3,2020,Suburban,Good,No,657154
166,4882,5,4,2,1988,Urban,Good,Yes,1492200
167,3997,4,3,2,1990,Suburban,Fair,No,1097957
168,3111,3,2,2,1980,Suburban,Good,Yes,944116
169,2394,3,3,1,1998,Suburban,Good,Yes,809394
170,1259,1,1,2,1962,Urban,Good,Yes,551505
171,3411,4,2,2,1990,Urban,Poor,Yes,989444
172,1969,1,1,2,1977,Suburban,Excellent,Yes,750993
173,2586,2,2,3,2013,Downtown,Poor,Yes,881837
174,746,1,2,2,1968,Urban,Poor,Yes,359352
175,3819,4,2,2,2021,Downtown,Good,No,1199337
176,3511,4,2,3,1974,Rural,Good,Yes,945623
177,2334,2,1,3,1987,Downtown,Poor,Yes,785280
178,2443,2,1,2,1952,Suburban,Good,No,823093
179,1088,1,1,1,1951,Suburban,Poor,Yes,473597
180,3576,5,3,2,1954,Suburban,Excellent,Yes,1170687
181,2559,3,2,2,2010,Suburban,Good,Yes,803039
182,2985,2,1,1,1969,Urban,Fair,No,863049
183,3519,3,3,1,1987,Urban,Fair,No,1037492
184,2402,3,1,1,1985,Urban,Good,No,926037
185,4661,5,3,2,1995,Suburban,Good,Yes,1334891
186,3969,4,3,2,1986,Rural,Excellent,Yes,1138733
187,862,1,1,2,2003,Rural,Excellent,No,389588
188,1223,1,1,1,1970,Suburban,Good,Yes,540264
189,1616,3,1,2,1970,Rural,Excellent,No,593506
190,4243,5,3,1,2019,Rural,Good,No,1143079
191,2649,2,2,1,2009,Suburban,Good,Yes,827566
192,4323,5,4,2,1985,Urban,Good,Yes,1431508
193,3708,4,2,2,1960,Urban,Fair,Yes,1056928
194,4690,5,2,2,1980,Rural,Fair,Yes,1213670
195,2656,4,2,2,1986,Suburban,Excellent,Yes,983761
196,3770,4,4,1,2009,Suburban,Good,No,1022563
197,2282,2,1,2,2010,Downtown,Excellent,No,1010766
198,2855,4,3,1,2016,Downtown,Poor,No,863899
199,1754,1,1,1,1978,Urban,Fair,Yes,567742
200,3791,5,3,2,2016,Downtown,Good,Yes,1275576
201,2296,3,2,2,2020,Rural,Good,Yes,734624
202,4591,4,3,1,2016,Downtown,Excellent,No,1418129
203,2248,2,2,1,1965,Suburban,Fair,Yes,653889
204,2045,1,1,3,1994,Downtown,Good,Yes,876774
205,4799,5,4,2,1983,Downtown,Good,No,1470455
206,4523,5,3,1,1993,Urban,Good,Yes,1311372
207,853,1,1,2,1991,Rural,Good,Yes,360006
208,3783,4,3,1,1984,Suburban,Good,Yes,1091333
209,3157,4,2,2,1979,Suburban,Good,Yes,948961
210,698,1,1,1,2002,Rural,Fair,Yes,259377
211,2800,3,4,2,2007,Rural,Excellent,No,960544
212,3561,3,3,1,1977,Urban,Excellent,No,1099178
213,4377,5,3,2,1964,Urban,Good,No,1285425
214,3469,4,3,2,1987,Urban,Good,Yes,1129142
215,3834,5,3,2,1999,Downtown,Good,No,1322171
216,4391,5,3,1,1962,Urban,Excellent,Yes,1388825
217,1556,1,1,2,1984,Urban,Fair,Yes,608038
218,4667,5,3,2,1973,Downtown,Good,No,1492236
219,760,1,1,2,2014,Rural,Poor,No,233268
220,1900,2,1,2,1967,Suburban,Fair,Yes,610503
221,4587,5,3,2,2007,Urban,Good,Yes,1407436
222,2127,2,2,2,1975,Suburban,Excellent,No,802740
223,1818,2,1,2,1978,Suburban,Good,Yes,623588
224,3704,4,2,3,2021,Urban,Good,Yes,1190064
225,3335,4,3,1,1993,Suburban,Good,Yes,1042524
226,1554,3,3,1,1954,Urban,Excellent,No,830766
227,4046,4,3,2,1982,Downtown,Good,Yes,1318515
228,1645,1,1,3,1954,Urban,Fair,No,611358
229,2293,3,2,3,1985,Urban,Excellent,No,879472
230,4036,4,3,2,1962,Downtown,Good,Yes,1236089
231,1162,1,1,2,1974,Urban,Fair,No,456301
232,3085,4,2,2,2007,Rural,Good,Yes,954828
233,3954,4,2,2,1951,Suburban,Good,Yes,1179724
234,825,1,1,2,1985,Suburban,Good,Yes,393364
235,1559,1,1,3,1974,Suburban,Excellent,No,712956
236,3667,2,1,2,1983,Suburban,Fair,No,964331
237,1415,2,2,2,1961,Downtown,Poor,Yes,651172
238,3720,4,2,2,1968,Rural,Good,Yes,1056538
239,616,2,1,2,1986,Suburban,Poor,No,294282
240,1843,2,2,2,1950,Urban,Good,Yes,710204
241,2805,3,2,2,2009,Suburban,Good,No,917696
242,3124,4,2,1,2016,Suburban,Excellent,Yes,1048796
243,1669,3,2,1,1998,Downtown,Good,Yes,808099
244,4044,4,2,2,1995,Urban,Good,Yes,1187523
245,3165,4,2,3,1997,Downtown,Fair,Yes,1116252
246,1660,1,1,1,2017,Rural,Good,No,512711
247,2927,3,3,2,1968,Downtown,Good,No,988580
248,4020,5,3,1,1989,Urban,Fair,No,1120698
249,901,1,1,1,1955,Downtown,Good,No,476008
250,4876,5,4,3,2012,Suburban,Good,Yes,1363345
251,1206,1,1,3,1984,Rural,Excellent,Yes,551051
252,3770,5,2,1,2021,Suburban,Good,No,1089885
253,1299,1,1,2,2010,Downtown,Excellent,Yes,734407
254,1739,1,2,1,1954,Suburban,Good,Yes,661797
255,790,1,1,3,1986,Suburban,Good,Yes,461356
256,2900,4,2,1,1960,Suburban,Good,Yes,903904
257,1580,1,1,1,1989,Suburban,Excellent,No,608168
258,3575,5,3,2,2014,Urban,Good,Yes,1209945
259,1784,1,1,3,1957,Downtown,Good,No,679943
260,3927,4,2,1,1960,Downtown,Fair,Yes,1199337
261,3994,4,2,2,2020,Rural,Fair,Yes,1065243
262,727,2,1,1,2007,Suburban,Fair,Yes,396516
263,2665,2,1,3,1997,Suburban,Good,No,800539
264,2416,2,1,1,1962,Rural,Poor,Yes,626594
265,1169,1,1,3,2009,Rural,Good,No,421831
266,2495,4,2,2,1998,Downtown,Good,Yes,1012275
267,3333,3,1,2,2016,Downtown,Poor,No,1000213
268,4463,3,2,3,1956,Rural,Good,Yes,1080378
269,4614,5,4,3,1974,Rural,Fair,No,1121890
270,3501,4,3,2,1972,Suburban,Good,Yes,1054854
271,2286,2,1,1,2000,Rural,Good,Yes,719658
272,3609,4,2,2,1996,Urban,Fair,Yes,1021583
273,754,1,1,2,1954,Downtown,Excellent,No,513629
274,3137,3,2,2,1962,Urban,Good,Yes,1023808
275,2009,3,1,2,1991,Suburban,Good,Yes,689427
276,4657,4,3,1,1954,Suburban,Excellent,Yes,1358976
277,1384,2,1,2,1972,Suburban,Poor,No,562032
278,3775,5,2,2,2011,Downtown,Good,Yes,1232530
279,4941,5,3,1,1950,Urban,Good,Yes,1446351
280,3406,3,2,2,2023,Rural,Good,No,954916
281,1137,2,1,2,2003,Downtown,Fair,Yes,582759
282,2441,3,2,2,2021,Suburban,Fair,Yes,886603
283,3055,2,1,1,1952,Suburban,Good,No,838180
284,1124,2,1,2,2013,Suburban,Poor,Yes,518045
285,3550,3,1,1,2000,Rural,Fair,Yes,1000805
286,4731,5,2,2,1951,Urban,Fair,Yes,1280246
287,4715,5,3,2,1998,Suburban,Good,Yes,1368944
288,2968,3,1,2,1980,Downtown,Poor,Yes,865388
289,4447,4,2,1,2023,Urban,Good,Yes,1279812
290,3301,5,4,2,1952,Urban,Excellent,No,1136719
291,1571,2,1,3,1984,Downtown,Good,Yes,757057
292,1766,2,1,1,1985,Rural,Excellent,No,503664
293,3374,4,2,3,2013,Suburban,Good,No,1108430
294,2582,2,2,2,1981,Urban,Good,No,872554
295,1453,2,2,2,1967,Downtown,Fair,No,656506
296,4746,5,3,1,1983,Urban,Fair,Yes,1414250
297,4336,4,3,1,2005,Suburban,Fair,Yes,1259859
298,4369,5,3,3,2016,Suburban,Poor,Yes,1203554
299,1174,1,1,2,2002,Urban,Excellent,No,585755
300,3861,4,3,1,2016,Downtown,Excellent,No,1321418
301,1748,2,2,2,2015,Urban,Fair,Yes,773450
302,2315,4,2,1,2013,Urban,Good,Yes,891137
303,4454,4,2,2,2016,Suburban,Good,Yes,1301110
304,3091,4,2,2,1988,Urban,Good,Yes,1111921
305,3260,4,2,3,1987,Urban,Good,Yes,1125020
306,3724,3,3,2,1989,Urban,Fair,Yes,1025317
307,3651,4,3,1,1968,Suburban,Good,Yes,1024970
308,604,1,1,2,1954,Urban,Good,Yes,529376
309,1476,2,2,2,2018,Suburban,Good,Yes,660801
310,1591,2,1,2,1963,Suburban,Good,No,588239
311,4742,5,4,3,1998,Suburban,Excellent,Yes,1471634
312,4964,5,3,2,2013,Downtown,Excellent,Yes,1637328
313,1235,1,1,1,2006,Downtown,Good,No,575846
314,2293,3,2,3,1984,Urban,Poor,Yes,752531
315,2282,2,1,1,1954,Downtown,Good,Yes,778329
316,719,1,1,1,1988,Urban,Good,No,347434
317,1430,3,2,2,1973,Downtown,Fair,Yes,715552
318,4275,5,4,3,1989,Downtown,Good,Yes,1363063
319,1969,1,1,2,1999,Downtown,Fair,No,749230
320,1340,2,2,1,2007,Suburban,Good,Yes,579050
321,716,2,1,2,1950,Urban,Poor,No,289860
322,3438,3,2,1,1992,Downtown,Fair,Yes,1117171
323,1750,2,1,1,1988,Urban,Good,Yes,717580
324,2531,3,2,1,1959,Suburban,Excellent,Yes,866436
325,1612,1,1,2,1951,Suburban,Good,Yes,569145
326,2264,3,1,3,2012,Downtown,Good,No,919575
327,1681,3,3,1,1965,Suburban,Good,Yes,760308
328,1112,2,2,1,1986,Urban,Fair,Yes,564397
329,3449,3,2,3,1965,Suburban,Poor,Yes,939957
330,1159,3,2,2,1976,Suburban,Fair,Yes,518949
331,4272,3,1,3,2012,Suburban,Good,No,1143389
332,3943,4,3,1,2013,Suburban,Good,Yes,1021847
333,4670,4,2,1,1981,Downtown,Poor,Yes,1223856
334,2070,2,1,2,1958,Urban,Good,No,659821
335,1180,1,1,2,1960,Downtown,Excellent,Yes,622663
336,2894,3,2,2,2019,Rural,Poor,No,724855
337,3747,4,3,2,1979,Urban,Good,Yes,1158436
338,4849,5,3,1,1964,Urban,Good,No,1292035
339,2279,2,1,2,2008,Downtown,Good,No,905549
340,4106,5,3,2,1997,Downtown,Good,No,1332515
341,3344,4,3,2,2009,Suburban,Good,No,1046074
342,3956,3,3,2,2017,Urban,Good,Yes,1242859
343,4645,5,3,2,2006,Urban,Good,Yes,1310559
344,1843,2,1,1,2013,Downtown,Good,Yes,713866
345,3718,4,2,1,2003,Suburban,Fair,No,1068699
346,2741,3,2,2,2003,Downtown,Good,No,1087317
347,3659,5,3,1,2008,Urban,Poor,No,1059668
348,3559,3,1,2,1988,Suburban,Good,Yes,1122985
349,2865,3,2,3,1964,Urban,Fair,Yes,909978
350,3079,3,2,2,2023,Downtown,Good,Yes,1062776
351,2235,3,3,1,1977,Suburban,Fair,No,755537
352,2357,2,1,3,1985,Urban,Good,Yes,737012
353,2670,3,3,1,2003,Downtown,Fair,Yes,932568
354,3449,3,2,1,1966,Suburban,Good,No,917423
355,3851,4,3,2,1971,Downtown,Good,Yes,1189295
356,4330,5,3,2,1985,Urban,Excellent,No,1314370
357,3089,5,3,1,1978,Suburban,Good,Yes,1024335
358,2231,3,2,2,2004,Rural,Excellent,Yes,860651
359,3416,4,2,2,1991,Suburban,Poor,No,959679
360,1615,1,1,1,1981,Downtown,Good,No,588409
361,1948,2,1,1,1963,Urban,Poor,Yes,712475
362,3687,4,3,2,1967,Suburban,Good,No,1120631
363,3439,3,3,2,1987,Urban,Fair,Yes,1044487
364,935,1,1,1,1983,Downtown,Good,Yes,631570
365,1495,3,1,1,1994,Suburban,Good,Yes,588516
366,4146,4,4,2,1981,Downtown,Excellent,Yes,1426367
367,1451,2,1,3,2016,Urban,Fair,Yes,555478
368,2287,2,2,1,2012,Downtown,Good,Yes,881970
369,2531,3,1,2,2004,Suburban,Excellent,Yes,966525
370,4346,4,3,1,1992,Urban,Poor,Yes,1157091
371,3027,3,2,1,1971,Urban,Excellent,Yes,1007200
372,2168,1,1,1,2017,Urban,Poor,No,605847
373,4600,5,3,2,1978,Rural,Excellent,Yes,1286925
374,3338,3,2,2,1989,Urban,Excellent,Yes,1068150
375,4098,5,3,3,1994,Downtown,Excellent,No,1447718
376,4513,5,3,2,1959,Suburban,Good,Yes,1219595
377,1666,1,1,3,1994,Downtown,Excellent,Yes,820186
378,4980,4,3,1,1966,Urban,Fair,Yes,1360951
379,3044,3,2,1,1951,Suburban,Good,Yes,868878
380,4707,4,3,3,1966,Suburban,Fair,Yes,1186867
381,3973,4,3,2,1987,Downtown,Good,Yes,1253444
382,4569,5,3,3,1986,Suburban,Good,Yes,1304054
383,3146,4,3,1,2012,Urban,Poor,Yes,1014059
384,1353,2,1,2,1954,Rural,Excellent,Yes,540051
385,2682,2,1,2,1974,Suburban,Good,No,784683
386,3374,4,3,1,2022,Rural,Excellent,Yes,1000153
387,3496,3,2,2,1971,Urban,Excellent,No,1083888
388,4785,5,3,2,2012,Downtown,Good,Yes,1543566
389,1375,3,3,1,1984,Suburban,Poor,Yes,592606
390,2225,2,1,1,2004,Suburban,Good,Yes,722889
391,3669,3,1,1,1969,Rural,Good,Yes,978272
392,1017,1,1,1,1954,Urban,Fair,No,410241
393,714,1,2,2,1988,Urban,Good,Yes,534079
394,1216,1,1,1,2012,Rural,Good,No,419406
395,4574,5,3,1,1981,Rural,Fair,No,1090042
396,3867,5,3,3,2012,Downtown,Good,Yes,1278302
397,1425,1,1,2,2023,Suburban,Good,Yes,624387
398,2116,1,1,2,1989,Suburban,Poor,Yes,480515
399,3746,4,3,2,1966,Downtown,Good,No,1232509
400,1012,2,2,3,2022,Rural,Good,No,472604
401,1328,1,1,1,1981,Urban,Excellent,Yes,613119
402,3948,4,1,2,1972,Suburban,Fair,Yes,1103023
403,3408,5,3,2,2009,Rural,Good,Yes,917124
404,1275,1,1,1,2005,Downtown,Good,Yes,673421
405,4065,4,2,2,1958,Rural,Excellent,No,1168656
406,3104,3,1,3,2018,Suburban,Good,Yes,916309
407,3567,4,3,3,2011,Suburban,Good,Yes,1109292
408,3386,4,2,1,2013,Urban,Fair,No,1031323
409,1722,2,2,1,1971,Downtown,Poor,No,550738
410,4679,4,3,3,1981,Suburban,Fair,Yes,1271038
411,2171,2,1,2,1996,Urban,Good,Yes,914668
412,2743,4,2,1,1951,Urban,Good,No,904028
413,2287,3,2,2,2001,Urban,Good,No,847678
414,4732,5,4,1,1963,Urban,Good,Yes,1320296
415,4451,5,3,1,1986,Suburban,Fair,No,1244873
416,4040,5,3,3,1976,Suburban,Good,Yes,1092852
417,4366,4,2,1,1973,Suburban,Excellent,Yes,1251612
418,2926,3,2,1,2013,Suburban,Excellent,Yes,1034071
419,3514,4,3,1,2019,Suburban,Fair,Yes,934247
420,4552,5,4,2,1975,Downtown,Good,No,1300728
421,1195,1,1,1,2003,Suburban,Excellent,No,484639
422,1328,1,1,2,1964,Urban,Good,Yes,644360
423,1965,2,1,2,1978,Suburban,Good,No,626683
424,1298,3,1,3,2023,Urban,Good,Yes,738524
425,995,1,1,1,1977,Urban,Good,Yes,550110
426,4771,4,3,3,2008,Urban,Good,No,1290209
427,4960,5,4,1,2022,Downtown,Fair,No,1424276
428,3102,3,2,2,1970,Downtown,Good,No,1008609
429,2419,2,2,2,1959,Urban,Excellent,No,878162
430,1317,1,1,1,1953,Downtown,Excellent,Yes,686442
431,3382,3,1,2,2011,Urban,Fair,Yes,1005565
432,4177,4,3,1,1953,Downtown,Good,No,1290709
433,743,1,1,1,1955,Downtown,Poor,No,428471
434,3740,5,3,2,2021,Rural,Excellent,Yes,1108080
435,3538,3,2,2,1965,Suburban,Poor,Yes,900097
436,4236,4,3,1,1987,Rural,Good,Yes,1134538
437,3822,4,3,1,1998,Suburban,Poor,No,1004677
438,1767,2,1,1,2010,Suburban,Good,Yes,690678
439,3216,3,2,2,2014,Suburban,Good,Yes,1019151
440,1662,2,1,2,1999,Urban,Good,Yes,728919
441,2756,3,2,1,1966,Suburban,Good,Yes,893551
442,3582,3,3,1,1977,Urban,Good,Yes,1082887
443,3894,4,2,2,1993,Suburban,Good,Yes,1122765
444,1756,2,1,2,1961,Rural,Poor,Yes,529981
445,1332,1,2,2,2019,Suburban,Fair,No,494734
446,4930,5,3,3,2020,Urban,Good,No,1465840
447,1553,2,2,1,2021,Rural,Good,No,518652
448,3139,4,3,3,1952,Rural,Poor,Yes,845473
449,3924,5,3,1,1998,Urban,Good,No,1216058
450,3901,4,2,3,1970,Rural,Poor,No,958888
451,2142,2,1,1,1957,Downtown,Good,Yes,871783
452,1791,1,1,2,2013,Downtown,Excellent,Yes,784919
453,3593,4,3,2,2008,Downtown,Fair,Yes,1183720
454,3281,4,1,2,1979,Suburban,Good,Yes,1020439
455,1817,2,1,3,1981,Downtown,Good,No,785421
456,2140,3,2,2,1969,Downtown,Good,No,826124
457,3836,4,3,3,1965,Downtown,Good,Yes,1267721
458,2986,3,2,2,1974,Urban,Good,No,939958
459,4319,4,3,2,2009,Urban,Fair,Yes,1285464
460,1988,1,2,1,1994,Downtown,Good,Yes,793634
461,2456,3,3,3,1958,Urban,Good,No,863282
462,1965,2,1,2,2000,Urban,Excellent,Yes,831221
463,1099,2,1,2,2010,Urban,Good,Yes,584853
464,2280,2,1,2,1989,Suburban,Good,Yes,723785
465,1110,1,1,2,2010,Rural,Good,Yes,401664
466,4912,4,3,3,2016,Urban,Good,No,1391749
467,1924,2,2,1,1964,Urban,Good,Yes,694768
468,1755,3,2,1,2002,Rural,Excellent,Yes,683539
469,2427,2,2,1,1953,Urban,Excellent,Yes,927268
470,3741,5,3,2,1972,Suburban,Fair,Yes,1079875
471,4086,4,2,1,1976,Urban,Fair,No,1165609
472,2410,3,2,1,1986,Downtown,Good,Yes,941796
473,3523,4,2,1,1992,Suburban,Good,Yes,1040783
474,2814,3,2,2,1986,Suburban,Good,No,823288
475,4786,4,2,2,1978,Urban,Good,Yes,1335106
476,1313,1,1,1,1978,Urban,Good,No,523621
477,4202,4,3,3,1998,Suburban,Fair,Yes,1239460
478,4734,4,2,3,2000,Urban,Good,Yes,1452887
479,4122,4,3,1,1999,Suburban,Fair,No,1153626
480,4868,5,3,2,1977,Urban,Good,Yes,1371199
481,1843,3,2,2,2023,Urban,Excellent,Yes,868473
482,4309,5,4,1,1954,Downtown,Fair,No,1253359
483,1681,3,2,1,2005,Suburban,Fair,No,584215
484,1055,1,1,2,2013,Urban,Poor,Yes,469632
485,1494,2,2,2,1966,Urban,Good,No,624036
486,1984,1,1,1,2004,Urban,Fair,Yes,755591
487,2558,2,2,3,1958,Rural,Good,No,729831
488,3672,4,3,2,2017,Rural,Good,No,1071436
489,2596,3,1,2,2022,Suburban,Good,Yes,919638
490,4885,5,4,1,1965,Rural,Good,Yes,1318461
491,1104,1,1,2,1965,Downtown,Excellent,No,688409
492,1814,1,2,1,1962,Rural,Fair,Yes,491069
493,2131,2,1,2,2022,Downtown,Excellent,No,936614
494,4040,5,4,2,2012,Urban,Fair,Yes,1341387
495,1423,2,2,2,1990,Urban,Fair,Yes,589814
496,1528,2,1,2,2002,Rural,Good,No,509592
497,733,1,1,2,2017,Suburban,Fair,Yes,398887
498,2705,4,3,3,2023,Suburban,Poor,Yes,977475
499,4227,3,2,2,1958,Rural,Fair,Yes,973938
500,2452,2,1,1,2000,Suburban,Excellent,Yes,849084
501,4775,4,2,2,1997,Suburban,Fair,No,1241471
502,3533,4,3,1,1998,Downtown,Good,Yes,1167688
503,3884,3,2,3,1967,Rural,Good,Yes,986374
504,4898,5,4,2,1959,Rural,Fair,Yes,1209888
505,3411,3,2,2,2003,Rural,Good,Yes,947815
506,1850,2,2,1,1964,Urban,Fair,No,605088
507,4112,4,3,2,1960,Urban,Poor,Yes,1187168
508,1856,3,2,3,1989,Urban,Fair,No,685840
509,3976,3,2,1,1996,Urban,Fair,Yes,1088547
510,4086,4,2,2,1969,Urban,Fair,No,1135811
511,4184,5,3,3,1971,Suburban,Poor,Yes,1150956
512,1996,2,2,2,1997,Suburban,Good,Yes,590787
513,4237,4,3,2,1965,Rural,Good,Yes,1090481
514,3930,4,2,2,1954,Downtown,Excellent,Yes,1258709
515,3303,3,2,2,2014,Urban,Fair,No,937945
516,1070,1,1,1,2023,Urban,Good,No,578309
517,1953,2,1,1,1970,Urban,Excellent,Yes,708994
518,3383,5,3,2,2010,Urban,Poor,No,1070150
519,3431,3,2,3,2004,Urban,Good,Yes,1003439
520,957,1,1,1,1973,Rural,Good,Yes,390238
521,3619,4,3,1,1972,Urban,Excellent,Yes,1256601
522,1267,1,1,2,1960,Suburban,Good,Yes,491131
523,1745,1,1,3,1996,Suburban,Good,Yes,652979
524,4785,5,4,1,1951,Suburban,Good,Yes,1370320
525,4319,4,3,3,2019,Suburban,Good,No,1285636
526,3345,4,2,1,2002,Rural,Good,No,937631
527,1139,1,1,3,1960,Suburban,Good,Yes,501029
528,3379,4,4,2,1964,Rural,Good,No,948369
529,4736,5,3,2,2022,Urban,Poor,Yes,1255806
530,4375,4,3,2,1961,Downtown,Excellent,Yes,1345608
531,3108,2,1,2,1985,Suburban,Good,No,874352
532,3379,5,4,1,1972,Urban,Good,No,1109122
533,1524,1,1,1,1976,Suburban,Good,Yes,679725
534,3556,4,3,2,1963,Suburban,Excellent,Yes,1167043
535,2181,1,1,3,2003,Urban,Good,Yes,772834
536,3924,5,3,2,1976,Urban,Good,No,1217008
537,855,2,1,2,1970,Rural,Excellent,No,353801
538,2438,2,1,2,1998,Rural,Fair,No,643631
539,2544,2,1,1,2011,Suburban,Poor,No,706302
540,609,1,1,3,2021,Suburban,Good,No,459212
541,3471,4,2,2,1993,Rural,Good,Yes,986704
542,1397,2,1,2,1993,Suburban,Good,No,588637
543,1615,2,2,2,2010,Urban,Good,No,677679
544,2424,3,2,3,1991,Downtown,Good,No,944097
545,3736,3,2,3,1972,Urban,Good,Yes,1085495
546,2793,3,2,2,2022,Downtown,Excellent,Yes,1050106
547,823,1,1,2,1950,Downtown,Good,No,559119
548,4758,5,4,2,1985,Rural,Excellent,Yes,1344642
549,4525,4,3,2,2004,Suburban,Excellent,Yes,1365924
550,4600,4,2,2,1965,Rural,Fair,No,1054436
551,2233,2,2,1,1967,Suburban,Good,Yes,686869
552,2752,3,2,2,1987,Urban,Fair,No,834055
553,1110,1,1,2,2016,Downtown,Excellent,Yes,725569
554,984,1,1,2,1969,Rural,Good,Yes,310363
555,1004,1,1,1,1968,Downtown,Fair,No,495368
556,2600,3,1,2,1962,Suburban,Excellent,No,877846
557,3356,3,2,2,1966,Downtown,Good,Yes,1057763
558,2268,2,3,1,1979,Urban,Excellent,Yes,897094
559,2060,2,1,2,1992,Downtown,Fair,No,752165
560,4236,5,3,3,1997,Suburban,Excellent,Yes,1290602
561,3324,4,3,2,1992,Rural,Good,No,942012
562,4778,5,2,1,2015,Suburban,Good,No,1297546
563,2648,3,2,3,2002,Suburban,Excellent,No,887889
564,4746,5,3,1,2021,Rural,Good,Yes,1268696
565,1316,1,1,3,1983,Suburban,Good,No,525456
566,2423,1,1,1,2023,Rural,Fair,Yes,663219
567,2681,4,2,1,2021,Urban,Excellent,No,1082368
568,4019,5,4,2,2020,Rural,Good,Yes,1142445
569,2174,4,3,2,1962,Suburban,Excellent,No,901297
570,849,2,2,2,2005,Downtown,Good,No,563428
571,1273,1,1,2,2008,Downtown,Good,Yes,669692
572,2765,3,2,3,1981,Urban,Poor,Yes,897238
573,1370,3,2,2,2003,Urban,Good,Yes,721318
574,4562,5,2,2,1951,Suburban,Good,No,1112861
575,4963,5,3,1,1986,Suburban,Good,Yes,1413607
576,2584,2,1,1,1982,Rural,Good,No,702789
577,1677,2,1,2,1950,Suburban,Fair,Yes,538216
578,835,2,1,1,1977,Suburban,Excellent,Yes,519537
579,988,2,2,2,1966,Urban,Good,No,555608
580,3637,3,2,2,2006,Suburban,Excellent,No,1124819
581,2448,2,2,1,2019,Suburban,Poor,Yes,746261
582,3414,3,2,2,2001,Suburban,Good,No,960761
583,3974,4,3,1,1993,Suburban,Good,Yes,1159189
584,3878,3,2,2,1996,Suburban,Good,No,1036588
585,1852,2,1,2,1962,Downtown,Fair,Yes,750303
586,4581,5,3,2,1979,Suburban,Good,No,1257151
587,2722,3,2,1,2015,Suburban,Excellent,No,941461
588,2750,4,3,2,2002,Suburban,Fair,No,847823
589,1929,3,1,1,1967,Downtown,Good,No,766171
590,1958,2,2,2,1977,Urban,Good,No,716551
591,3082,3,2,2,1953,Urban,Fair,Yes,871100
592,2617,2,1,2,1991,Suburban,Good,No,836084
593,1931,1,1,3,1955,Urban,Good,No,696568
594,4944,5,4,2,1958,Suburban,Fair,No,1232328
595,4861,3,3,1,1969,Urban,Fair,No,1203560
596,1958,2,2,1,1987,Downtown,Excellent,Yes,846921
597,3777,4,2,3,2017,Suburban,Fair,Yes,1160962
598,2728,3,2,1,1999,Suburban,Good,Yes,923351
599,2780,4,2,2,2009,Suburban,Good,No,920196
600,737,1,1,2,1962,Urban,Fair,No,315373
601,4072,5,3,2,1991,Downtown,Excellent,No,1374713
602,3432,4,2,2,2017,Downtown,Fair,No,1105477
603,4179,4,2,2,1974,Downtown,Fair,Yes,1218993
604,3631,4,2,2,1980,Suburban,Good,Yes,1137714
605,4764,3,1,3,1961,Urban,Poor,Yes,1177693
606,3193,3,1,2,2013,Rural,Good,No,923398
607,4900,5,4,2,2010,Suburban,Excellent,Yes,1453960
608,4418,5,4,2,2002,Suburban,Fair,Yes,1226031
609,4738,4,3,2,1975,Rural,Good,Yes,1174713
610,4423,4,3,3,2010,Urban,Fair,Yes,1283662
611,4642,4,2,1,1959,Downtown,Excellent,Yes,1404420
612,2506,2,1,1,1961,Suburban,Fair,No,632995
613,1360,3,1,3,1971,Urban,Good,No,589555
614,4045,4,2,2,2002,Rural,Good,No,1121428
615,1499,2,1,1,1970,Rural,Good,Yes,545712
616,3547,3,1,2,1984,Rural,Poor,No,893478
617,2319,1,1,3,2020,Rural,Excellent,Yes,695747
618,880,1,1,3,1976,Suburban,Good,Yes,551767
619,3866,4,2,2,2009,Suburban,Good,Yes,1110933
620,2487,1,1,1,1996,Downtown,Fair,Yes,760006
621,3866,3,3,3,2015,Suburban,Excellent,Yes,1231722
622,1266,1,1,2,1964,Downtown,Fair,No,462420
623,4788,4,4,3,1973,Suburban,Poor,Yes,1294078
624,1271,1,1,1,1959,Rural,Fair,Yes,390527
625,2569,3,2,1,1973,Downtown,Excellent,Yes,971156
626,4756,5,3,2,2006,Downtown,Fair,No,1428557
627,3722,4,2,1,1983,Urban,Poor,Yes,1026522
628,4500,4,2,2,1990,Suburban,Good,No,1214094
629,1123,2,1,3,1989,Suburban,Good,Yes,587136
630,2993,4,3,2,1960,Suburban,Good,Yes,936824
631,3717,4,2,3,1950,Suburban,Good,Yes,1036159
632,3193,3,2,2,1979,Downtown,Fair,Yes,1022485
633,2568,3,2,2,1992,Suburban,Good,Yes,802958
634,2353,2,1,3,1975,Suburban,Poor,Yes,655187
635,2896,2,2,2,2002,Downtown,Good,No,934899
636,2861,3,2,2,1996,Urban,Good,No,922350
637,2886,3,1,2,1958,Rural,Good,Yes,761349
638,4802,5,4,2,1958,Rural,Fair,No,1177823
639,3478,3,3,1,1950,Suburban,Poor,No,914668
640,4743,5,4,3,2020,Rural,Excellent,No,1326544
641,4244,4,3,3,1993,Downtown,Excellent,No,1391982
642,2655,2,2,2,2008,Rural,Good,Yes,714085
643,1876,3,1,2,2005,Downtown,Fair,No,734968
644,3366,5,4,2,2000,Suburban,Excellent,Yes,1141087
645,902,1,1,2,1965,Urban,Good,No,472221
646,1238,1,1,2,1987,Suburban,Good,No,475617
647,655,1,1,3,1960,Downtown,Good,No,533574
648,1125,1,1,2,1974,Downtown,Fair,No,512591
649,4723,5,3,1,2008,Urban,Good,Yes,1439678
650,2725,2,2,3,1978,Downtown,Excellent,No,908779
651,3887,4,2,2,1989,Urban,Poor,Yes,1085055
652,964,1,1,3,1957,Suburban,Good,No,445334
653,2246,3,1,1,1955,Urban,Good,No,708694
654,1518,2,1,1,1994,Urban,Excellent,Yes,716279
655,3397,3,1,3,2002,Downtown,Fair,Yes,1100342
656,2131,2,1,1,1970,Downtown,Excellent,No,883145
657,3945,5,3,3,2006,Suburban,Fair,No,1125580
658,2506,3,2,3,1955,Suburban,Good,Yes,816089
659,3686,4,2,2,2012,Urban,Fair,Yes,1088548
660,2675,3,2,1,1955,Downtown,Excellent,Yes,1009364
661,1313,2,3,2,2002,Suburban,Fair,No,506995
662,1662,1,1,3,1953,Suburban,Excellent,Yes,693792
663,2576,2,2,2,1958,Urban,Good,Yes,785331
664,1896,2,1,2,2018,Urban,Excellent,No,783651
665,725,1,1,2,2023,Downtown,Fair,Yes,469093
666,4196,4,2,1,2021,Downtown,Fair,No,1225447
667,3883,5,3,3,1953,Urban,Good,Yes,1253283
668,2203,3,3,3,2007,Downtown,Good,No,929330
669,666,1,1,3,1986,Urban,Good,No,431688
670,832,1,1,2,2020,Suburban,Good,Yes,520668
671,2756,3,1,2,1955,Rural,Poor,No,517011
672,1769,1,1,1,2000,Suburban,Good,Yes,626738
673,2758,4,3,2,1999,Suburban,Fair,No,832435
674,4806,5,3,2,1963,Urban,Fair,Yes,1353400
675,2093,3,2,3,1960,Downtown,Excellent,No,784815
676,4607,5,4,3,1959,Urban,Good,Yes,1356999
677,3072,4,3,3,2010,Suburban,Good,Yes,1008386
678,3260,5,4,3,1962,Suburban,Poor,No,986991
679,3339,3,2,3,1983,Suburban,Poor,Yes,878111
680,2361,1,1,1,2009,Urban,Good,Yes,786947
681,4114,5,3,3,2000,Urban,Fair,Yes,1252786
682,2575,1,1,2,1954,Suburban,Poor,No,618714
683,2962,3,2,2,2023,Suburban,Fair,Yes,911051
684,1476,2,1,1,1981,Downtown,Fair,No,615186
685,4412,5,3,2,1961,Suburban,Fair,Yes,1206546
686,4048,5,4,1,2001,Urban,Excellent,Yes,1447174
687,1912,1,1,2,1962,Suburban,Good,Yes,558251
688,2060,2,2,2,2003,Urban,Good,Yes,765546
689,3309,3,2,3,2003,Suburban,Poor,No,888097
690,2924,2,1,3,1990,Suburban,Excellent,Yes,1003022
691,2333,2,2,2,1997,Rural,Fair,Yes,719476
692,2205,2,1,2,2000,Rural,Fair,No,645114
693,3163,3,2,1,1996,Urban,Poor,Yes,910665
694,4021,4,3,2,1999,Urban,Good,Yes,1294382
695,4117,4,3,1,1995,Urban,Excellent,Yes,1270923
696,2997,3,2,3,1987,Downtown,Good,Yes,1105109
697,4335,5,2,2,1962,Downtown,Excellent,No,1364688
698,3470,4,2,1,1971,Downtown,Excellent,No,1170111
699,1760,2,2,2,1951,Suburban,Poor,Yes,492002
700,842,1,1,2,1962,Urban,Fair,No,326306
701,3190,4,4,2,2006,Downtown,Excellent,Yes,1219671
702,1663,2,1,1,1983,Suburban,Poor,No,484513
703,4924,5,3,3,1968,Suburban,Good,Yes,1321786
704,3195,4,3,1,1958,Suburban,Excellent,No,1052536
705,1519,3,2,1,1982,Suburban,Good,Yes,609164
706,605,1,1,1,1976,Downtown,Good,No,494923
707,1067,1,1,2,1994,Downtown,Excellent,No,631555
708,4770,5,3,1,1951,Suburban,Good,Yes,1334473
709,603,1,1,1,2006,Downtown,Good,Yes,475262
710,1245,1,1,2,2006,Suburban,Poor,Yes,380701
711,717,1,2,2,1965,Urban,Good,Yes,516662
712,3528,2,1,1,1955,Rural,Excellent,Yes,973325
713,3151,4,1,1,1963,Suburban,Good,Yes,952150
714,4889,5,3,2,1976,Suburban,Good,Yes,1317810
715,1446,1,1,1,1987,Urban,Good,Yes,639397
716,3362,4,3,2,1968,Rural,Excellent,No,1020845
717,1741,2,1,1,1986,Suburban,Poor,Yes,489315
718,2410,3,2,1,1953,Downtown,Good,No,881607
719,1323,1,2,2,2007,Suburban,Excellent,Yes,656619
720,824,1,1,1,1958,Urban,Fair,Yes,423953
721,4808,5,4,1,1989,Downtown,Excellent,Yes,1468391
722,2648,3,2,2,1964,Urban,Excellent,No,966809
723,2173,3,1,3,1953,Suburban,Excellent,Yes,786137
724,2428,3,1,2,2001,Urban,Good,Yes,844374
725,2517,2,1,3,1967,Suburban,Good,Yes,818577
726,4834,5,3,3,2002,Suburban,Good,No,1339662
727,2626,3,2,3,2008,Suburban,Fair,No,753501
728,4344,4,3,2,2003,Urban,Poor,Yes,1270516
729,1501,2,1,2,1990,Urban,Excellent,Yes,734953
730,2639,3,2,2,2009,Downtown,Good,No,965443
731,609,1,1,1,1953,Downtown,Fair,Yes,433807
732,860,1,1,2,1988,Rural,Poor,No,262091
733,2273,2,2,3,1956,Suburban,Good,Yes,769951
734,2819,4,2,2,1972,Urban,Excellent,No,1047547
735,2660,2,1,2,2012,Urban,Good,No,933934
736,4313,5,3,2,2014,Rural,Poor,Yes,1100264
737,2219,3,2,2,1990,Urban,Good,Yes,877953
738,920,1,1,2,1993,Suburban,Fair,Yes,459967
739,1942,3,2,2,1994,Downtown,Fair,Yes,840694
740,2976,3,2,2,2018,Suburban,Good,Yes,1018576
741,3432,5,3,2,2000,Rural,Good,Yes,1076755
742,3424,5,3,3,2014,Rural,Good,Yes,1082615
743,2594,3,1,3,2003,Urban,Excellent,No,917385
744,3558,3,2,1,2005,Suburban,Good,Yes,1056629
745,2638,2,1,3,2021,Suburban,Excellent,No,844312
746,4090,4,2,1,1989,Downtown,Excellent,Yes,1346552
747,4277,5,3,1,2007,Downtown,Good,Yes,1380063
748,1718,1,1,2,1964,Rural,Poor,Yes,370312
749,2204,2,2,1,1968,Urban,Excellent,Yes,821925
750,4627,5,2,1,1959,Urban,Excellent,No,1299280
751,835,1,1,2,1965,Urban,Good,Yes,523853
752,2569,2,2,2,1992,Rural,Good,No,717732
753,2508,3,2,1,1980,Suburban,Fair,Yes,713440
754,975,1,1,2,1965,Suburban,Poor,Yes,388189
755,4130,3,2,2,1977,Suburban,Good,No,1114300
756,3235,4,3,2,2011,Suburban,Fair,Yes,1008928
757,2170,2,1,3,1969,Suburban,Fair,Yes,635992
758,3160,3,2,2,1984,Rural,Good,Yes,922949
759,3991,4,3,1,2008,Suburban,Excellent,No,1195546
760,3565,4,2,1,1958,Urban,Excellent,Yes,1134536
761,4243,3,3,2,1959,Suburban,Excellent,Yes,1170998
762,4450,4,3,2,1994,Suburban,Good,No,1173668
763,1472,2,1,1,1964,Downtown,Good,No,831695
764,1852,3,2,1,1979,Urban,Excellent,Yes,763378
765,1914,1,1,2,1997,Rural,Good,No,469218
766,3498,4,3,2,1989,Urban,Fair,Yes,1065935
767,677,1,1,2,2023,Urban,Good,Yes,503723
768,3221,3,1,3,1993,Urban,Excellent,No,1012175
769,4827,5,3,2,1995,Urban,Fair,Yes,1325266
770,1200,1,1,2,1955,Suburban,Fair,Yes,445903
771,1665,2,1,2,1973,Urban,Good,Yes,696975
772,2736,3,3,3,2022,Urban,Excellent,Yes,1004360
773,3049,3,2,2,1956,Downtown,Fair,Yes,964360
774,2943,4,3,1,1955,Rural,Good,No,831626
775,2463,2,1,1,1982,Rural,Fair,Yes,640102
776,1918,2,1,2,1987,Suburban,Good,No,623380
777,4197,5,3,3,1993,Suburban,Good,Yes,1212867
778,4362,5,3,1,1966,Urban,Poor,Yes,1264410
779,2790,3,2,1,1980,Rural,Excellent,Yes,764487
780,1592,1,1,3,1986,Suburban,Excellent,Yes,721260
781,3312,4,2,3,1960,Suburban,Fair,Yes,915807
782,2792,2,2,1,1954,Urban,Fair,No,805736
783,1848,2,2,2,2013,Urban,Good,No,738949
784,3654,5,3,2,1952,Suburban,Excellent,No,1086914
785,4633,5,3,1,2005,Urban,Fair,No,1276204
786,2597,1,1,3,2012,Urban,Good,No,820274
787,4287,5,4,1,1987,Suburban,Good,Yes,1263792
788,2751,3,1,1,2003,Urban,Poor,Yes,877673
789,4618,4,3,1,1951,Suburban,Fair,Yes,1257211
790,3710,4,2,1,1951,Downtown,Good,Yes,1128671
791,2570,2,1,1,1961,Suburban,Good,Yes,788359
792,797,1,1,1,1989,Downtown,Excellent,Yes,656434
793,3226,3,2,2,1951,Rural,Excellent,Yes,921173
794,1802,1,1,1,2006,Urban,Good,No,682952
795,2635,3,2,3,1996,Suburban,Good,Yes,1001683
796,1077,1,1,2,1985,Suburban,Good,No,417686
797,1854,2,2,2,1953,Downtown,Good,No,767079
798,1522,2,1,1,1973,Suburban,Poor,Yes,443769
799,1019,2,1,1,2011,Rural,Poor,Yes,330235
800,2804,2,2,2,1951,Downtown,Excellent,Yes,993186
801,3197,4,2,2,1964,Urban,Fair,Yes,1004274
802,1720,3,2,2,1998,Urban,Good,Yes,853178
803,3668,5,3,2,1984,Urban,Good,Yes,1161613
804,1550,2,2,2,1996,Rural,Fair,No,541242
805,2936,2,1,2,1973,Urban,Good,Yes,875130
806,2843,3,2,3,2009,Suburban,Excellent,No,949332
807,3245,3,3,2,1997,Urban,Fair,No,1039350
808,2457,2,1,3,1972,Downtown,Excellent,No,969304
809,2465,3,2,3,1961,Downtown,Poor,Yes,824843
810,3512,3,2,1,1990,Urban,Excellent,Yes,1104469
811,3453,3,1,1,1978,Suburban,Good,No,964690
812,3828,4,4,2,2019,Downtown,Good,No,1237397
813,4319,5,3,2,2000,Suburban,Fair,Yes,1200919
814,3828,5,2,2,1972,Urban,Good,Yes,1167815
815,2971,4,3,2,1980,Downtown,Excellent,Yes,1140112
816,3491,4,2,1,1970,Downtown,Good,No,1077586
817,4356,5,4,1,1973,Downtown,Good,No,1264849
818,4825,5,3,1,2021,Urban,Excellent,No,1513820
819,694,1,1,2,1958,Urban,Good,Yes,497132
820,3274,2,1,2,1971,Rural,Good,Yes,852611
821,2555,3,2,1,1953,Rural,Excellent,Yes,769990
822,1393,1,1,2,1952,Suburban,Excellent,Yes,648540
823,2434,3,2,1,1977,Urban,Good,Yes,882282
824,2716,3,1,1,1964,Urban,Good,Yes,851168
825,4706,5,4,2,1957,Rural,Excellent,No,1307397
826,3925,4,2,2,1997,Suburban,Poor,No,1015707
827,3519,3,3,2,2001,Urban,Poor,Yes,1025409
828,3197,3,2,3,2004,Urban,Good,Yes,1094134
829,3805,5,3,3,1986,Urban,Fair,No,1168072
830,1414,1,1,1,1953,Suburban,Good,Yes,562566
831,945,1,1,2,2004,Rural,Good,No,473203
832,2949,3,2,2,1961,Downtown,Poor,Yes,944177
833,962,1,1,2,1968,Downtown,Excellent,Yes,744083
834,3043,4,2,2,2006,Urban,Fair,No,1010296
835,2865,2,2,1,1986,Urban,Good,No,874566
836,2788,3,2,1,1956,Suburban,Good,Yes,790755
837,3605,4,3,2,2004,Suburban,Excellent,Yes,1230015
838,3881,3,2,2,1977,Urban,Fair,No,1000802
839,1584,3,1,1,1986,Suburban,Poor,Yes,546626
840,2239,3,2,1,2010,Urban,Excellent,No,910726
841,1427,1,1,2,1988,Suburban,Excellent,No,548017
842,3330,2,1,1,1972,Suburban,Fair,Yes,844408
843,4131,5,3,1,2001,Urban,Poor,Yes,1125702
844,3535,4,3,1,1960,Suburban,Good,Yes,1143384
845,4476,4,3,1,2015,Urban,Good,No,1319359
846,726,1,1,2,1962,Urban,Excellent,Yes,496948
847,3777,5,2,2,1990,Urban,Fair,Yes,1072437
848,3656,2,1,1,1998,Urban,Fair,Yes,965934
849,1203,1,1,1,1964,Suburban,Good,Yes,466185
850,4049,4,2,1,2005,Urban,Good,Yes,1186843
851,4746,5,3,2,2003,Suburban,Good,Yes,1389695
852,4133,4,2,1,1980,Rural,Excellent,Yes,1082618
853,3967,4,3,2,2010,Urban,Good,Yes,1286825
854,3968,4,3,1,2007,Downtown,Fair,Yes,1149237
855,4397,5,3,1,2009,Downtown,Good,No,1351220
856,2392,3,2,1,2002,Downtown,Good,Yes,903393
857,3461,4,2,1,2010,Downtown,Good,No,1177042
858,4076,5,3,2,1991,Suburban,Excellent,No,1309730
859,4017,4,3,2,1978,Urban,Good,Yes,1256340
860,2245,2,2,3,1976,Suburban,Fair,Yes,747342
861,1805,1,1,1,1993,Downtown,Good,No,693387
862,3630,4,3,1,1954,Urban,Fair,No,1088307
863,3472,5,4,1,2001,Urban,Fair,Yes,1078642
864,3672,4,2,2,2002,Urban,Good,No,1139641
865,2454,2,2,1,2001,Downtown,Good,Yes,966147
866,4621,5,4,2,1987,Suburban,Good,Yes,1380561
867,3308,4,2,1,1993,Suburban,Good,Yes,1038325
868,4102,3,2,1,2002,Downtown,Good,No,1238641
869,1932,3,2,3,1951,Suburban,Poor,Yes,666419
870,801,1,1,2,2003,Urban,Fair,No,427256
871,4107,5,3,2,1984,Urban,Excellent,No,1358896
872,4812,5,4,2,1995,Suburban,Good,Yes,1474034
873,1174,2,1,2,2021,Rural,Excellent,No,452357
874,1136,1,1,1,2004,Suburban,Good,Yes,498333
875,2225,3,2,2,2021,Downtown,Good,No,849767
876,2722,3,2,1,1960,Rural,Fair,Yes,700706
877,985,2,1,2,1978,Suburban,Poor,No,379598
878,3881,5,4,2,2018,Urban,Good,No,1264981
879,1074,1,1,2,2012,Rural,Good,Yes,448958
880,1017,2,2,2,1996,Suburban,Good,Yes,580850
881,4200,4,3,2,1956,Suburban,Good,Yes,1151951
882,1554,2,2,1,2013,Suburban,Excellent,No,657825
883,1805,2,1,1,2013,Urban,Good,Yes,754542
884,4720,5,2,1,1961,Suburban,Good,Yes,1261668
885,2590,4,3,2,1961,Downtown,Excellent,Yes,1003493
886,4172,3,2,3,1985,Rural,Good,Yes,1199999
887,4980,4,2,1,1978,Suburban,Excellent,Yes,1413320
888,4758,4,3,1,1960,Suburban,Poor,Yes,1184068
889,3313,4,3,2,2002,Urban,Good,No,1115259
890,2803,2,1,3,2019,Suburban,Poor,Yes,813985
891,3720,4,3,2,2023,Urban,Fair,Yes,1081782
892,1566,2,2,1,1996,Suburban,Good,Yes,645705
893,4032,4,2,3,1982,Suburban,Fair,Yes,1086568
894,1288,2,2,3,2016,Downtown,Fair,Yes,699461
895,4843,5,4,1,1992,Urban,Excellent,Yes,1497851
896,4301,4,2,3,1967,Suburban,Excellent,No,1273980
897,941,1,1,2,2023,Urban,Fair,Yes,466774
898,2324,3,2,2,2002,Urban,Fair,Yes,784429
899,2392,2,3,2,1988,Urban,Good,Yes,850482
900,2359,3,2,3,2021,Urban,Excellent,Yes,1040653
901,3812,5,3,2,1983,Suburban,Excellent,Yes,1207914
902,1589,1,1,1,1986,Rural,Fair,No,453636
903,2862,3,3,3,1990,Suburban,Good,No,915956
904,3082,3,2,1,1998,Downtown,Fair,No,956183
905,1551,2,1,2,1959,Suburban,Good,No,568635
906,1322,1,1,2,1989,Suburban,Poor,No,453353
907,3989,5,3,1,1967,Suburban,Fair,No,1113737
908,2679,2,2,1,1974,Urban,Good,Yes,821619
909,3317,3,2,3,1990,Downtown,Fair,No,1055721
910,2932,3,2,2,1985,Suburban,Excellent,No,1023545
911,3976,4,3,2,1951,Urban,Good,Yes,1203131
912,2100,2,1,2,2023,Rural,Poor,Yes,634439
913,885,1,1,2,1998,Suburban,Excellent,No,582846
914,4095,4,3,2,2016,Urban,Excellent,No,1299054
915,2665,3,2,1,2002,Suburban,Good,Yes,872437
916,1368,2,1,2,1968,Urban,Fair,Yes,590721
917,3657,4,2,3,1975,Downtown,Fair,Yes,1211723
918,4889,5,3,2,2003,Urban,Poor,Yes,1323355
919,2761,3,2,1,2000,Urban,Good,Yes,889684
920,3893,4,4,3,1974,Downtown,Poor,No,1171795
921,1546,1,1,2,1966,Urban,Good,No,631382
922,3935,4,2,1,2023,Downtown,Fair,No,1199007
923,4750,5,3,3,2010,Downtown,Good,Yes,1505500
924,2081,3,1,2,1995,Suburban,Good,No,717500
925,2501,2,2,1,2004,Downtown,Fair,Yes,868014
926,4051,4,4,1,1999,Urban,Good,Yes,1308270
927,4664,5,3,2,1960,Urban,Good,No,1237067
928,654,1,1,2,1961,Downtown,Excellent,No,544465
929,2423,2,2,1,1989,Rural,Good,No,642201
930,4062,4,3,1,1997,Suburban,Good,Yes,1177947
931,3679,4,3,1,2005,Suburban,Excellent,Yes,1187243
932,1432,1,2,2,1957,Urban,Good,Yes,640635
933,3406,4,2,1,1963,Suburban,Poor,No,878541
934,3090,3,1,1,2005,Rural,Fair,No,841976
935,927,2,1,2,2003,Urban,Poor,Yes,474297
936,3910,4,3,2,1966,Urban,Fair,No,1057185
937,3900,5,3,2,1994,Urban,Good,No,1251465
938,4275,4,4,2,1954,Rural,Good,Yes,1164422
939,3654,3,2,2,1952,Urban,Excellent,No,1062504
940,2743,3,2,2,1958,Suburban,Poor,Yes,800145
941,1911,3,2,3,1969,Downtown,Good,Yes,822562
942,3791,3,2,2,1970,Rural,Good,Yes,1043422
943,3138,3,2,1,1982,Suburban,Excellent,Yes,948960
944,4583,4,3,2,1954,Rural,Fair,Yes,1128628
945,764,1,1,2,1973,Rural,Fair,Yes,335248
946,4877,5,4,2,2012,Suburban,Fair,Yes,1309944
947,1422,2,1,2,1975,Suburban,Good,No,575864
948,1543,2,3,3,1982,Suburban,Good,Yes,721131
949,1374,2,2,2,1967,Urban,Good,No,599479
950,2798,3,1,2,1967,Urban,Good,Yes,930764
951,3756,5,2,3,1987,Downtown,Fair,Yes,1174519
952,4842,5,4,2,1982,Urban,Good,No,1519731
953,4295,5,4,2,1976,Rural,Excellent,No,1224955
954,4052,3,2,3,1998,Urban,Good,No,1188326
955,1514,1,1,1,1999,Suburban,Excellent,Yes,629681
956,1908,3,1,1,1964,Downtown,Good,Yes,761153
957,4777,5,3,3,2001,Urban,Fair,Yes,1416494
958,1113,1,1,2,2017,Downtown,Good,No,504546
959,2520,2,1,3,1968,Urban,Fair,No,682423
960,4194,5,3,1,1974,Downtown,Fair,No,1251701
961,2009,1,1,2,1974,Suburban,Poor,Yes,550518
962,3790,4,3,1,1982,Suburban,Fair,Yes,1104392
963,2155,2,2,2,2009,Suburban,Good,Yes,750516
964,1404,2,1,1,1986,Suburban,Good,Yes,503122
965,1879,2,1,1,1992,Rural,Good,No,563329
966,4177,5,3,1,1958,Suburban,Good,Yes,1183486
967,3501,3,2,2,1963,Downtown,Good,Yes,1073023
968,1987,4,1,2,1952,Urban,Fair,Yes,763677
969,3361,3,2,1,2018,Downtown,Good,No,1108648
970,3279,3,2,1,2005,Urban,Good,Yes,997002
971,2706,4,2,1,1975,Urban,Good,Yes,868879
972,4823,5,3,3,2002,Rural,Good,No,1293436
973,3368,5,4,1,1990,Suburban,Good,Yes,1052045
974,4553,5,3,1,1970,Suburban,Good,No,1197132
975,3786,4,1,3,1988,Urban,Good,Yes,1151802
976,3880,4,2,2,1972,Downtown,Good,Yes,1229637
977,3173,2,1,2,2023,Suburban,Good,Yes,974687
978,3199,4,2,2,2007,Urban,Good,No,1083828
979,4633,5,4,3,2018,Rural,Good,Yes,1292037
980,836,1,1,1,1978,Downtown,Fair,No,489903
981,1904,2,1,3,2011,Rural,Fair,No,559251
982,4030,5,2,3,2002,Suburban,Good,Yes,1266714
983,1901,2,1,2,1994,Suburban,Poor,No,518915
984,3141,3,2,2,1976,Rural,Poor,Yes,809776
985,2651,2,1,2,1983,Urban,Excellent,No,859266
986,1041,2,1,1,1963,Downtown,Fair,Yes,510815
987,2676,2,1,1,1990,Downtown,Good,No,871520
988,3780,4,3,3,2023,Urban,Excellent,Yes,1194752
989,3257,2,2,2,2009,Urban,Poor,Yes,972089
990,4398,5,4,2,1991,Rural,Excellent,No,1217196
991,1404,1,1,2,2000,Downtown,Poor,Yes,566506
992,674,1,1,2,1960,Rural,Fair,Yes,244663
993,2775,5,2,1,1984,Rural,Poor,Yes,809019
994,4524,4,3,2,1968,Suburban,Good,No,1232259
995,2689,4,3,2,2014,Rural,Excellent,Yes,969653
996,640,1,2,1,2010,Suburban,Excellent,Yes,519041
997,2681,3,3,3,1996,Suburban,Good,Yes,932660
998,2222,4,2,1,1963,Suburban,Fair,Yes,753069
999,941,1,1,2,2016,Suburban,Excellent,No,572900
1000,4652,4,2,1,2001,Downtown,Good,No,1293337
1001,2674,3,2,2,1981,Downtown,Fair,Yes,908357
1002,1245,1,1,2,1959,Suburban,Excellent,No,490664
1003,4863,5,4,2,1966,Downtown,Excellent,No,1528252
1004,1209,1,1,3,1989,Rural,Good,Yes,496672
1005,1054,3,1,1,2017,Urban,Fair,Yes,600255
1006,3553,4,3,2,2012,Urban,Excellent,No,1073245
1007,2308,2,2,2,1964,Downtown,Poor,Yes,754408
1008,4072,4,2,3,1988,Urban,Good,No,1089505
1009,3569,3,3,2,2006,Urban,Fair,Yes,1170670
1010,3628,4,3,1,1959,Downtown,Excellent,Yes,1242546
1011,3281,3,2,1,2020,Rural,Good,Yes,897700
1012,4229,5,2,3,1966,Urban,Good,No,1229463
1013,4825,5,2,3,1966,Suburban,Fair,Yes,1279409
1014,3667,4,2,1,1965,Downtown,Good,Yes,1256111
1015,1986,2,2,2,1952,Rural,Excellent,Yes,675454
1016,4376,4,3,2,2000,Suburban,Excellent,Yes,1323412
1017,3466,4,2,3,1995,Suburban,Poor,No,913772
1018,3963,4,2,3,2004,Suburban,Good,Yes,1269982
1019,4724,5,3,3,1975,Suburban,Fair,No,1326947
1020,748,1,1,3,1980,Downtown,Good,Yes,475854
1021,4450,4,3,3,2021,Urban,Excellent,No,1415015
1022,2658,3,2,1,1968,Urban,Good,Yes,915192
1023,1736,1,1,3,2017,Urban,Good,Yes,683196
1024,786,1,1,2,1964,Urban,Good,Yes,437612
1025,3454,3,2,3,2007,Suburban,Good,Yes,964089
1026,1850,2,2,2,1979,Urban,Fair,No,685823
1027,1933,3,1,1,1997,Downtown,Fair,Yes,712381
1028,4793,5,3,2,2005,Rural,Fair,Yes,1258398
1029,4750,5,4,2,1991,Rural,Fair,Yes,1197621
1030,3311,5,3,1,1973,Rural,Good,No,889298
1031,2385,2,1,2,2001,Suburban,Excellent,No,814836
1032,1350,1,1,2,1992,Downtown,Fair,No,641728
1033,2362,3,2,2,1983,Rural,Excellent,Yes,773481
1034,4520,5,3,2,2009,Downtown,Good,No,1389686
1035,1081,1,1,1,1952,Downtown,Good,No,541315
1036,753,1,1,3,2017,Downtown,Fair,No,507711
1037,2124,2,2,2,1960,Suburban,Fair,No,655382
1038,2720,2,2,1,1962,Downtown,Fair,No,849133
1039,2943,2,1,2,1999,Suburban,Good,No,775743
1040,1840,1,1,2,1968,Downtown,Good,Yes,799410
1041,660,1,1,1,1993,Downtown,Excellent,No,571420
1042,1538,2,1,2,1982,Urban,Good,No,620135
1043,2239,3,2,2,1987,Urban,Good,Yes,803688
1044,4720,5,2,2,1952,Rural,Good,Yes,1197469
1045,4826,5,3,2,2014,Rural,Fair,No,1262542
1046,4169,4,3,2,1984,Downtown,Good,No,1218274
1047,1852,1,1,1,1985,Rural,Excellent,No,549601
1048,4803,5,3,3,1987,Suburban,Good,Yes,1362161
1049,771,2,2,1,1988,Urban,Excellent,No,487606
1050,2058,2,2,2,1974,Suburban,Fair,Yes,632448
1051,4149,4,3,1,2013,Rural,Good,Yes,1126702
1052,4797,5,3,1,1962,Downtown,Good,No,1278332
1053,2922,3,2,2,2017,Downtown,Fair,Yes,999695
1054,2236,3,2,1,2019,Urban,Excellent,Yes,861146
1055,3715,4,3,2,1950,Downtown,Excellent,Yes,1313511
1056,4690,5,3,1,2021,Urban,Good,Yes,1369050
1057,3604,4,3,2,2003,Suburban,Excellent,Yes,1208017
1058,929,1,1,2,1958,Suburban,Poor,Yes,371029
1059,4240,5,3,1,1985,Urban,Good,Yes,1244647
1060,4494,4,2,3,1986,Urban,Excellent,Yes,1383826
1061,4707,5,3,1,2008,Suburban,Good,Yes,1412605
1062,1941,3,3,1,1970,Urban,Poor,Yes,688318
1063,4263,5,3,2,1969,Suburban,Fair,Yes,1169828
1064,815,1,1,2,1950,Rural,Good,Yes,372902
1065,938,2,2,2,2008,Rural,Good,Yes,499619
1066,4662,5,3,1,1977,Suburban,Fair,Yes,1234789
1067,3308,4,2,3,2020,Urban,Good,No,951784
1068,3752,4,3,2,2005,Downtown,Poor,No,1078775
1069,2350,3,2,1,1958,Suburban,Good,Yes,720852
1070,3021,4,2,2,2014,Rural,Excellent,No,948228
1071,1309,1,1,3,1985,Downtown,Good,Yes,724849
1072,4326,5,3,2,1983,Downtown,Good,Yes,1391298
1073,4242,4,2,1,1981,Suburban,Fair,Yes,1104716
1074,4593,5,3,2,2015,Downtown,Fair,Yes,1407749
1075,1088,1,1,1,1974,Downtown,Poor,No,455789
1076,646,2,1,2,2000,Rural,Good,No,383434
1077,3959,4,3,3,2012,Downtown,Poor,Yes,1239043
1078,1000,2,1,2,1994,Downtown,Good,No,659000
1079,4590,5,3,2,1975,Suburban,Good,Yes,1295132
1080,3757,3,2,3,1970,Suburban,Good,No,964142
1081,4945,5,3,2,2000,Urban,Good,Yes,1378697
1082,990,1,1,2,1973,Urban,Good,No,493485
1083,4453,4,2,1,1961,Suburban,Poor,Yes,1087056
1084,1228,2,1,2,1960,Urban,Fair,Yes,571176
1085,4832,5,2,2,1976,Downtown,Good,Yes,1481705
1086,3530,4,2,2,1972,Downtown,Good,Yes,1164377
1087,2121,2,2,3,1982,Suburban,Poor,No,568343
1088,1426,1,1,3,1987,Suburban,Good,Yes,610548
1089,2100,3,2,2,2004,Suburban,Good,Yes,799961
1090,3894,4,4,2,2019,Suburban,Good,Yes,1232603
1091,3019,1,1,2,1991,Suburban,Poor,Yes,735745
1092,1534,2,2,1,1978,Downtown,Good,No,826725
1093,3642,3,2,1,1983,Rural,Good,Yes,891278
1094,2066,2,3,2,2006,Rural,Fair,Yes,661016
1095,4161,5,2,2,1952,Suburban,Good,No,1177643
1096,1214,3,2,3,1955,Urban,Good,No,649043
1097,1782,2,2,1,1997,Suburban,Fair,Yes,630050
1098,3823,3,2,2,2013,Suburban,Good,Yes,1141755
1099,3267,4,3,2,1962,Urban,Excellent,Yes,1168322
1100,730,1,1,2,1985,Suburban,Excellent,No,469656
1101,3583,4,3,3,2019,Suburban,Excellent,No,1174793
1102,4878,5,3,3,1982,Suburban,Good,Yes,1404486
1103,638,1,1,1,2006,Downtown,Good,No,501593
1104,4559,4,3,1,2004,Downtown,Excellent,No,1472340
1105,4187,5,3,1,1962,Suburban,Good,No,1210682
1106,1520,1,1,2,2000,Rural,Fair,No,429915
1107,3369,4,3,2,2002,Suburban,Good,Yes,1038138
1108,4711,4,2,2,1985,Suburban,Excellent,No,1342082
1109,1092,2,1,2,1954,Downtown,Excellent,Yes,682289
1110,1731,1,1,2,1974,Suburban,Fair,Yes,538954
1111,4121,5,4,2,1986,Rural,Excellent,Yes,1214400
1112,910,2,1,2,1968,Suburban,Good,Yes,515819
1113,1338,1,1,2,1984,Rural,Fair,Yes,410506
1114,3841,3,2,1,1983,Suburban,Excellent,Yes,1201698
1115,1145,2,1,2,2003,Suburban,Excellent,No,539974
1116,3061,3,2,2,1995,Downtown,Good,No,1009989
1117,4946,5,4,2,1955,Downtown,Excellent,Yes,1500398
1118,2404,3,2,3,1950,Downtown,Good,No,832886
1119,3812,5,3,3,2020,Urban,Good,No,1189893
1120,4410,5,3,3,1983,Urban,Excellent,Yes,1377013
1121,1413,2,1,2,2005,Suburban,Excellent,Yes,652263
1122,4724,5,3,2,1975,Rural,Fair,Yes,1108775
1123,2632,3,3,2,1991,Suburban,Good,Yes,843063
1124,844,1,1,1,1987,Downtown,Good,No,530685
1125,871,2,1,1,1975,Rural,Excellent,Yes,428778
1126,4111,4,3,1,2008,Suburban,Good,Yes,1244694
1127,2371,1,1,1,1973,Suburban,Excellent,No,732313
1128,1862,1,1,2,1970,Rural,Good,Yes,593128
1129,3024,4,2,3,2009,Rural,Good,Yes,918849
1130,4961,5,3,1,1969,Urban,Excellent,No,1466131
1131,1520,1,1,3,1955,Suburban,Fair,No,385436
1132,4030,5,4,1,2016,Suburban,Good,Yes,1244449
1133,3224,3,1,1,1959,Urban,Good,Yes,1038959
1134,4360,3,2,2,1961,Suburban,Good,Yes,1103379
1135,2650,2,2,2,1971,Urban,Good,No,881952
1136,4100,5,3,1,2011,Urban,Excellent,Yes,1353979
1137,1765,2,2,1,2010,Suburban,Fair,No,538288
1138,975,2,1,2,1966,Urban,Fair,Yes,512640
1139,2633,2,1,1,1959,Suburban,Excellent,Yes,858099
1140,745,1,1,2,1961,Suburban,Good,Yes,418070
1141,4988,5,3,2,1989,Rural,Fair,Yes,1318292
1142,1031,1,1,1,1972,Urban,Good,Yes,564571
1143,1304,1,1,3,1989,Rural,Poor,No,396061
1144,3232,3,2,1,2023,Rural,Good,Yes,991049
1145,1563,2,1,2,2023,Suburban,Good,Yes,617673
1146,2834,3,2,2,1999,Suburban,Good,Yes,895398
1147,2641,4,2,3,1959,Urban,Good,Yes,912582
1148,2428,4,2,2,1953,Rural,Good,Yes,739734
1149,2708,2,1,2,1950,Suburban,Fair,Yes,731843
1150,4668,3,1,1,1992,Urban,Excellent,Yes,1319169
1151,1538,2,1,2,1954,Urban,Good,No,588590
1152,1406,2,1,2,1983,Suburban,Fair,Yes,492217
1153,2063,2,1,2,2015,Urban,Good,Yes,825625
1154,4015,4,3,3,1973,Suburban,Good,No,1105919
1155,610,2,1,1,1963,Urban,Fair,Yes,482748
1156,2468,2,1,3,1990,Suburban,Poor,No,709886
1157,1484,2,1,3,1991,Suburban,Excellent,No,599373
1158,4164,4,2,2,1962,Rural,Good,Yes,1090644
1159,1989,2,2,2,1978,Suburban,Fair,Yes,603053
1160,4001,4,3,2,2014,Suburban,Good,Yes,1254923
1161,4921,5,3,3,1995,Rural,Excellent,Yes,1384862
1162,1424,2,2,1,1983,Suburban,Good,Yes,599991
1163,2865,2,2,2,2012,Suburban,Poor,No,782670
1164,1536,2,1,2,1953,Urban,Good,Yes,631949
1165,3400,3,1,3,1977,Suburban,Fair,Yes,918299
1166,3153,4,2,2,1950,Urban,Good,No,974975
1167,4445,4,2,2,1985,Rural,Good,Yes,1219518
1168,2396,3,2,1,1962,Urban,Good,No,781414
1169,653,1,1,2,1954,Downtown,Good,No,536930
1170,1326,2,2,1,1963,Downtown,Good,Yes,655117
1171,3336,3,2,3,1981,Downtown,Excellent,Yes,1189598
1172,3770,3,2,2,1999,Urban,Good,No,1195348
1173,2513,3,2,2,1976,Suburban,Good,Yes,865408
1174,2196,2,1,2,1984,Rural,Excellent,No,709088
1175,2514,1,1,2,1952,Urban,Fair,Yes,771201
1176,3066,3,2,1,1953,Downtown,Fair,Yes,1012707
1177,3337,4,2,1,1956,Suburban,Good,Yes,950790
1178,1449,2,1,1,1952,Downtown,Good,Yes,690189
1179,2709,3,3,2,2008,Rural,Good,Yes,867074
1180,602,1,1,1,2023,Urban,Excellent,Yes,445932
1181,4855,5,3,2,1950,Suburban,Good,Yes,1340328
1182,4669,5,3,2,1977,Downtown,Excellent,No,1408159
1183,1492,1,1,2,2008,Downtown,Excellent,Yes,775383
1184,2630,2,2,1,2002,Suburban,Fair,Yes,835043
1185,3760,3,2,1,1959,Urban,Good,Yes,1049216
1186,2976,2,2,1,2020,Rural,Excellent,Yes,904716
1187,2533,3,3,2,1952,Suburban,Good,Yes,826145
1188,1980,3,2,1,1956,Suburban,Good,Yes,760750
1189,4281,4,2,3,1958,Rural,Good,No,1065042
1190,1890,1,1,2,2018,Urban,Fair,Yes,692222
1191,2240,2,1,1,1962,Suburban,Fair,Yes,691012
1192,3282,4,3,2,1989,Downtown,Good,Yes,1187506
1193,1587,2,1,2,2011,Suburban,Good,Yes,604845
1194,1818,3,2,2,2011,Suburban,Good,Yes,729733
1195,1955,1,1,1,1959,Urban,Excellent,Yes,811389
1196,4865,5,4,1,1960,Downtown,Fair,Yes,1405826
1197,4735,5,3,1,2011,Suburban,Good,Yes,1390193
1198,2160,3,2,2,2005,Rural,Good,Yes,821959
1199,2018,2,1,2,1998,Rural,Excellent,Yes,704090
1200,1554,1,1,2,1965,Suburban,Good,Yes,612643
1201,1583,3,2,3,2022,Urban,Good,Yes,814972
1202,1574,1,1,1,2023,Rural,Good,No,447107
1203,4733,5,3,1,1958,Rural,Good,Yes,1246490
1204,4572,5,3,2,1982,Urban,Fair,No,1336668
1205,1513,1,1,1,1984,Downtown,Fair,Yes,557796
1206,636,1,1,1,1988,Rural,Fair,No,249832
1207,3987,4,4,2,1974,Rural,Poor,No,983150
1208,2311,3,2,1,2005,Downtown,Good,Yes,917812
1209,3620,4,2,2,1997,Rural,Good,Yes,1011609
1210,1395,2,2,1,1959,Suburban,Fair,Yes,475738
1211,4636,4,3,2,1990,Rural,Fair,No,1157002
1212,3711,3,2,3,2008,Urban,Good,Yes,1120283
1213,1924,1,1,1,1977,Suburban,Fair,Yes,556472
1214,917,1,1,3,1990,Urban,Fair,Yes,408722
1215,2996,1,1,2,2015,Rural,Excellent,Yes,810421
1216,2762,3,1,3,2000,Urban,Poor,No,880978
1217,3345,3,3,1,2011,Suburban,Good,Yes,1034168
1218,2191,2,2,2,1979,Downtown,Poor,Yes,798266
1219,3711,4,3,2,1989,Suburban,Excellent,Yes,1142749
1220,4530,5,4,2,1989,Urban,Good,No,1251706
1221,2596,5,3,2,2018,Downtown,Poor,Yes,949502
1222,1912,3,2,2,2011,Urban,Good,No,687423
1223,1885,2,2,3,1964,Downtown,Fair,No,694105
1224,4911,5,4,2,1952,Suburban,Good,No,1380011
1225,2983,4,4,1,1973,Urban,Good,Yes,1026963
1226,3839,3,2,2,1990,Downtown,Fair,No,1187420
1227,2739,3,2,2,2012,Urban,Good,Yes,988074
1228,2304,2,1,2,1997,Urban,Good,Yes,867175
1229,962,1,1,2,2010,Downtown,Excellent,Yes,663019
1230,3204,4,3,3,1997,Urban,Excellent,Yes,1098057
1231,2316,2,2,2,1996,Suburban,Good,No,711850
1232,4886,5,3,1,2005,Urban,Excellent,Yes,1531802
1233,4338,5,3,1,1957,Suburban,Good,Yes,1232520
1234,3069,3,2,3,1967,Urban,Excellent,No,963357
1235,1156,2,2,2,1972,Downtown,Good,Yes,696785
1236,1425,2,2,3,2018,Suburban,Good,No,556307
1237,3408,4,3,1,2014,Rural,Excellent,No,1048619
1238,3319,4,2,2,1995,Urban,Excellent,No,1096622
1239,4108,4,3,2,2015,Urban,Poor,Yes,1199248
1240,4341,4,3,1,2018,Urban,Fair,Yes,1237002
1241,2174,2,1,2,1971,Rural,Excellent,Yes,745673
1242,4598,5,3,2,2014,Suburban,Good,No,1232138
1243,2729,3,2,2,1961,Rural,Excellent,No,837255
1244,3003,3,2,3,1968,Urban,Good,Yes,968876
1245,3929,5,2,3,1971,Suburban,Excellent,Yes,1245524
1246,1188,1,1,3,2004,Suburban,Good,No,506838
1247,2612,2,1,3,2011,Suburban,Fair,No,727821
1248,2147,2,1,2,2000,Suburban,Good,No,702974
1249,894,1,1,2,1997,Suburban,Excellent,Yes,596033
1250,2585,2,2,3,1966,Suburban,Good,Yes,804656
1251,3717,4,2,2,1962,Rural,Good,Yes,1017838
1252,2290,2,1,1,1977,Downtown,Good,No,779294
1253,1736,2,2,2,2016,Suburban,Good,No,578860
1254,2664,2,1,1,1954,Rural,Excellent,No,742618
1255,1607,3,1,2,2009,Downtown,Fair,Yes,913557
1256,3114,3,3,1,1964,Urban,Fair,Yes,887822
1257,4126,4,2,1,1993,Downtown,Good,No,1283994
1258,1847,2,1,3,1995,Downtown,Good,No,666243
1259,4502,4,4,2,1978,Rural,Excellent,Yes,1269185
1260,2035,1,1,2,2017,Urban,Poor,Yes,595752
1261,1171,1,1,2,1998,Suburban,Excellent,No,576899
1262,2982,3,2,3,1992,Downtown,Excellent,Yes,1100518
1263,1845,1,1,2,2017,Downtown,Poor,Yes,656798
1264,2684,3,1,2,1969,Rural,Excellent,Yes,782720
1265,877,1,1,3,1967,Suburban,Good,Yes,369971
1266,2487,2,1,1,2013,Downtown,Good,No,863404
1267,1865,1,2,3,1998,Rural,Poor,Yes,495852
1268,1640,2,1,2,1991,Urban,Excellent,Yes,732492
1269,1517,3,2,2,1961,Urban,Good,No,642599
1270,1485,1,1,1,1985,Suburban,Excellent,Yes,586656
1271,3352,4,3,2,1957,Downtown,Good,Yes,1144418
1272,621,1,1,2,1977,Suburban,Good,Yes,403014
1273,3791,4,2,3,2009,Suburban,Fair,No,1099633
1274,2953,2,1,3,1998,Urban,Fair,Yes,1012173
1275,1286,2,2,3,1987,Suburban,Good,Yes,619626
1276,884,2,2,1,2007,Urban,Excellent,No,646801
1277,4347,5,3,3,1954,Suburban,Fair,Yes,1209240
1278,1362,2,1,2,1995,Downtown,Excellent,Yes,784162
1279,3028,3,2,3,1951,Rural,Excellent,Yes,904360
1280,3107,3,1,1,1974,Rural,Good,Yes,836582
1281,628,1,1,2,1950,Downtown,Fair,Yes,415398
1282,1506,2,2,3,2018,Rural,Excellent,No,695205
1283,3704,3,2,3,1989,Suburban,Fair,Yes,1079948
1284,4599,5,4,2,2017,Suburban,Good,No,1337246
1285,3594,4,4,2,2018,Suburban,Poor,No,966553
1286,3106,4,3,1,2018,Downtown,Excellent,Yes,1182468
1287,4209,4,3,2,1965,Downtown,Good,No,1312950
1288,4153,4,2,2,2003,Urban,Good,No,1319422
1289,2053,2,1,1,2012,Urban,Fair,No,688979
1290,3956,3,3,1,1967,Urban,Good,Yes,1211455
1291,1115,1,1,1,1966,Urban,Poor,Yes,437677
1292,638,1,1,2,1953,Downtown,Excellent,Yes,622990
1293,3942,5,4,1,1958,Suburban,Good,No,1044997
1294,1486,2,2,2,1980,Downtown,Good,No,661665
1295,3444,4,2,2,1954,Urban,Fair,No,1000641
1296,2804,3,2,2,1965,Downtown,Good,No,904736
1297,1698,2,2,2,1991,Suburban,Fair,Yes,643080
1298,2423,2,1,2,1990,Rural,Excellent,No,742032
1299,3801,4,2,2,1979,Downtown,Good,Yes,1146585
1300,3755,4,3,2,1975,Suburban,Fair,Yes,988284
1301,3693,4,2,2,1998,Rural,Poor,No,914989
1302,4130,4,2,3,1980,Rural,Excellent,No,1088932
1303,4378,4,2,1,1999,Suburban,Fair,Yes,1147005
1304,3496,3,2,1,1964,Urban,Good,Yes,1075053
1305,4053,3,2,2,2001,Urban,Good,Yes,1192470
1306,4111,5,3,2,1987,Urban,Fair,No,1168951
1307,1588,3,2,3,1987,Suburban,Good,Yes,624973
1308,4716,5,3,1,2009,Urban,Good,No,1421102
1309,4626,4,2,2,1969,Suburban,Good,No,1254200
1310,4779,5,4,1,1993,Downtown,Good,No,1404672
1311,2282,3,3,2,2012,Downtown,Excellent,No,944231
1312,4563,5,4,1,1999,Rural,Poor,Yes,1128520
1313,1533,2,1,3,1971,Rural,Good,No,470392
1314,4198,4,4,3,2021,Suburban,Fair,Yes,1213629
1315,3833,5,4,2,2003,Urban,Excellent,No,1332384
1316,2580,3,2,3,1958,Rural,Fair,No,742623
1317,2455,2,1,2,1964,Downtown,Good,Yes,924447
1318,3656,4,3,3,1997,Suburban,Good,Yes,1075922
1319,1392,2,1,3,1969,Downtown,Excellent,Yes,715062
1320,1391,2,1,1,1984,Suburban,Good,No,582543
1321,2409,3,2,2,2016,Suburban,Good,No,840052
1322,2855,3,2,2,2009,Rural,Excellent,Yes,901768
1323,4210,4,2,1,1983,Suburban,Good,Yes,1204918
1324,2207,2,2,1,2022,Rural,Excellent,No,757210
1325,1584,2,2,3,2003,Suburban,Poor,Yes,509121
1326,4276,4,3,3,1961,Suburban,Good,Yes,1116800
1327,3980,5,4,2,1968,Urban,Excellent,Yes,1314015
1328,1119,1,1,3,1975,Downtown,Excellent,Yes,591092
1329,1190,1,1,3,1972,Suburban,Excellent,Yes,638151
1330,1650,2,2,1,1982,Rural,Good,No,560423
1331,4233,5,3,1,2006,Downtown,Excellent,Yes,1400149
1332,1559,1,1,1,1979,Downtown,Fair,Yes,577606
1333,1292,2,1,1,1972,Downtown,Fair,Yes,563567
1334,4499,4,3,1,2023,Rural,Poor,No,941136
1335,3546,3,2,2,1985,Urban,Excellent,Yes,1211504
1336,1126,1,1,3,1992,Urban,Good,No,557738
1337,3824,4,4,3,2015,Downtown,Good,Yes,1304578
1338,2853,4,2,2,2002,Urban,Poor,Yes,985584
1339,3944,3,2,3,2009,Suburban,Fair,Yes,1055123
1340,4565,4,4,2,1986,Rural,Good,Yes,1221045
1341,2475,3,2,3,2010,Urban,Good,Yes,895586
1342,2363,1,1,2,2002,Urban,Fair,Yes,849989
1343,1120,1,1,1,1961,Rural,Good,Yes,393539
1344,1616,2,1,3,1984,Rural,Fair,Yes,534190
1345,716,2,1,2,2016,Urban,Good,Yes,614497
1346,3033,3,1,2,1987,Downtown,Poor,Yes,982348
1347,1183,1,1,1,1973,Rural,Good,Yes,355269
1348,994,1,1,2,1989,Suburban,Fair,Yes,427867
1349,4388,5,3,3,2014,Rural,Good,No,1204021
1350,3368,4,3,1,2006,Urban,Fair,Yes,1065901
1351,4767,5,3,3,2021,Suburban,Good,No,1367424
1352,4460,5,3,1,1994,Suburban,Good,Yes,1237726
1353,873,1,1,2,2021,Rural,Good,Yes,495617
1354,2613,3,3,1,1962,Rural,Good,No,768664
1355,1989,4,2,2,1955,Downtown,Excellent,No,917482
1356,4166,5,3,1,2020,Suburban,Excellent,Yes,1367985
1357,765,1,1,2,1996,Urban,Good,Yes,518074
1358,2167,2,1,1,1993,Suburban,Good,No,681041
1359,1328,1,1,1,1981,Suburban,Good,Yes,515696
1360,2643,1,1,2,1952,Rural,Good,No,650529
1361,4797,5,4,1,2003,Urban,Good,Yes,1413228
1362,4096,5,4,1,1987,Downtown,Fair,Yes,1201179
1363,1378,1,1,1,1953,Downtown,Good,Yes,599534
1364,813,1,1,2,1966,Urban,Good,No,404807
1365,4362,4,3,2,1986,Urban,Good,Yes,1199275
1366,2176,3,2,1,1985,Rural,Good,No,672370
1367,3048,3,2,1,2007,Urban,Fair,Yes,970287
1368,3536,3,3,2,1990,Suburban,Good,Yes,1024401
1369,3717,3,1,1,1957,Rural,Excellent,Yes,986988
1370,1191,1,1,3,2016,Rural,Fair,Yes,471891
1371,3320,4,3,2,1979,Suburban,Good,No,993282
1372,1313,2,1,2,2001,Downtown,Excellent,No,718118
1373,1535,1,1,1,1974,Urban,Good,Yes,603363
1374,4937,5,3,2,2001,Urban,Excellent,Yes,1524771
1375,601,1,1,3,2008,Suburban,Excellent,No,474730
1376,3448,3,2,2,1979,Suburban,Good,No,965890
1377,4644,5,4,2,2016,Suburban,Poor,Yes,1246875
1378,2549,3,2,2,1953,Rural,Fair,No,634427
1379,1517,1,1,2,2006,Suburban,Good,Yes,630114
1380,3774,4,3,1,2012,Rural,Excellent,Yes,1154365
1381,2841,4,2,2,1981,Rural,Fair,Yes,812661
1382,689,1,2,1,2000,Downtown,Excellent,Yes,664171
1383,2309,2,1,2,2012,Downtown,Fair,Yes,843351
1384,2769,3,2,3,1950,Urban,Excellent,Yes,1004870
1385,4838,5,3,3,1968,Suburban,Fair,Yes,1280698
1386,3641,4,3,2,1984,Suburban,Good,Yes,1159443
1387,705,1,1,1,2012,Urban,Poor,Yes,400419
1388,1486,2,1,1,1975,Rural,Fair,No,446558
1389,1027,1,1,2,1962,Urban,Fair,Yes,478199
1390,2495,2,1,3,1972,Rural,Poor,Yes,632067
1391,916,1,1,2,1984,Urban,Fair,No,450106
1392,1234,1,1,1,1961,Downtown,Good,Yes,515228
1393,2525,1,1,3,1958,Downtown,Good,No,858000
1394,2656,4,3,3,2016,Downtown,Good,Yes,1043434
1395,3744,4,2,2,1993,Downtown,Good,No,1174775
1396,2870,2,2,2,2010,Suburban,Good,No,842435
1397,2039,2,1,2,1970,Downtown,Excellent,Yes,904603
1398,1152,2,1,2,1956,Suburban,Excellent,Yes,545570
1399,1315,2,1,3,1960,Urban,Good,No,571520
1400,4511,5,4,1,1994,Downtown,Fair,Yes,1340717
1401,2313,3,3,2,1981,Suburban,Good,No,760869
1402,3989,5,4,2,1985,Urban,Good,No,1202845
1403,1707,1,2,3,1986,Suburban,Fair,No,517475
1404,4806,5,4,3,1990,Urban,Good,Yes,1415764
1405,850,1,1,3,1998,Downtown,Fair,Yes,556721
1406,3030,2,2,2,1964,Urban,Fair,No,821438
1407,2654,3,3,3,1962,Urban,Good,No,911846
1408,1058,3,1,2,2002,Downtown,Fair,No,619773
1409,807,1,1,2,1982,Suburban,Fair,Yes,395287
1410,1499,2,2,1,2021,Rural,Fair,Yes,474092
1411,4061,4,2,3,1981,Downtown,Good,Yes,1204473
1412,3985,4,1,3,1997,Rural,Good,Yes,1117598
1413,621,2,1,1,2017,Downtown,Good,Yes,639278
1414,1009,1,1,1,2006,Suburban,Fair,No,472712
1415,1494,2,1,3,2011,Suburban,Fair,No,574800
1416,1114,1,1,2,1951,Urban,Fair,No,460896
1417,4709,4,4,3,1965,Rural,Good,Yes,1244090
1418,2734,2,1,1,1957,Urban,Good,Yes,839133
1419,4195,5,3,1,1968,Downtown,Good,Yes,1284623
1420,3556,4,2,2,1981,Suburban,Good,No,992127
1421,2160,2,1,1,2016,Rural,Good,No,554452
1422,1866,2,1,1,1981,Rural,Good,No,586057
1423,2769,3,1,1,1974,Urban,Good,Yes,923448
1424,4238,5,3,1,2002,Suburban,Excellent,Yes,1287172
1425,1349,2,2,1,1974,Downtown,Poor,Yes,646506
1426,4027,3,2,3,1982,Urban,Fair,Yes,1240728
1427,2527,3,2,1,1980,Suburban,Fair,No,678997
1428,4404,4,3,2,1985,Urban,Excellent,No,1348005
1429,4302,4,4,3,1998,Urban,Excellent,No,1350709
1430,2956,3,2,2,1993,Rural,Excellent,No,963868
1431,2935,2,2,2,1997,Urban,Good,Yes,934535
1432,906,1,1,2,1979,Suburban,Excellent,Yes,575053
1433,4265,5,3,3,1962,Urban,Poor,No,1191221
1434,2589,3,2,3,1992,Rural,Good,No,829543
1435,1261,2,1,2,1965,Downtown,Excellent,Yes,686436
1436,911,1,1,3,1975,Suburban,Good,Yes,462431
1437,3520,3,2,2,1996,Suburban,Fair,Yes,1017036
1438,1682,2,1,1,1986,Suburban,Good,No,645687
1439,3571,3,1,3,1952,Downtown,Fair,Yes,1078318
1440,1354,1,1,2,1975,Urban,Fair,No,426301
1441,4730,4,2,3,1964,Suburban,Good,Yes,1336325
1442,952,2,2,1,2015,Urban,Fair,No,564681
1443,1502,3,2,2,1977,Suburban,Fair,No,544107
1444,4488,5,3,3,1987,Urban,Good,No,1361016
1445,758,2,1,1,1993,Urban,Good,No,501924
1446,2577,3,2,3,2002,Downtown,Poor,No,823833
1447,1556,3,1,3,1953,Downtown,Poor,Yes,686384
1448,2671,4,3,3,2021,Suburban,Excellent,No,995547
1449,1003,1,1,2,1993,Urban,Fair,Yes,435991
1450,3379,4,3,2,1995,Suburban,Good,Yes,1106794
1451,1987,2,2,3,1975,Urban,Excellent,No,899011
1452,4053,4,3,2,1962,Downtown,Good,Yes,1169359
1453,1555,2,2,2,2018,Urban,Fair,Yes,684237
1454,2312,2,1,3,1993,Urban,Good,No,809256
1455,1873,1,1,2,2002,Suburban,Good,Yes,613768
1456,4411,5,3,3,2000,Rural,Good,Yes,1280721
1457,3225,4,2,1,1962,Rural,Good,Yes,853693
1458,2982,3,2,1,1990,Suburban,Poor,No,792470
1459,2041,3,2,2,1960,Suburban,Fair,Yes,655401
1460,3579,4,2,2,1986,Rural,Good,Yes,957554
1461,2397,3,1,2,2009,Suburban,Good,No,806301
1462,4990,4,2,1,1981,Suburban,Good,Yes,1283473
1463,4609,5,4,3,1994,Suburban,Poor,Yes,1315687
1464,1994,2,1,1,1967,Suburban,Good,Yes,672323
1465,4881,4,2,2,1969,Suburban,Good,No,1303846
1466,1869,1,1,1,1993,Suburban,Excellent,No,703239
1467,4314,5,4,2,1985,Suburban,Good,No,1299342
1468,1129,1,1,1,2018,Suburban,Good,No,478584
1469,4223,5,2,1,1986,Urban,Good,Yes,1250376
1470,3558,3,3,2,1982,Suburban,Good,Yes,1020478
1471,3514,4,3,1,1968,Downtown,Good,Yes,1169674
1472,4191,4,2,1,2000,Rural,Good,Yes,1077865
1473,2747,3,2,2,1981,Urban,Fair,No,903656
1474,3969,5,3,1,1971,Urban,Good,Yes,1176874
1475,1539,2,1,2,1950,Suburban,Good,Yes,568113
1476,1125,2,1,1,2003,Suburban,Excellent,Yes,625698
1477,601,1,1,1,1969,Urban,Poor,Yes,360043
1478,974,2,1,2,2007,Urban,Poor,Yes,430116
1479,2940,3,1,1,1984,Rural,Fair,Yes,741781
1480,4605,4,3,3,2019,Downtown,Fair,Yes,1374716
1481,3652,4,3,3,2019,Downtown,Poor,Yes,1154702
1482,2965,2,1,1,2010,Suburban,Poor,Yes,796393
1483,2125,4,2,3,2012,Suburban,Fair,No,790790
1484,2246,2,3,1,2010,Suburban,Poor,Yes,692182
1485,613,1,1,1,2006,Suburban,Excellent,No,450214
1486,2878,3,1,1,1952,Rural,Poor,Yes,644798
1487,3755,3,2,2,1994,Rural,Excellent,Yes,1142638
1488,729,1,1,2,1964,Suburban,Excellent,Yes,500294
1489,4414,5,4,1,1966,Urban,Fair,No,1220363
1490,3816,5,2,3,1964,Urban,Poor,No,1112175
1491,3538,3,2,2,1954,Suburban,Fair,Yes,977601
1492,4528,4,3,2,1995,Suburban,Good,No,1253828
1493,2640,3,2,2,1960,Downtown,Good,Yes,960115
1494,627,1,1,3,2013,Suburban,Fair,Yes,455265
1495,2713,2,2,1,1963,Rural,Fair,Yes,775545
1496,1852,2,2,1,1988,Urban,Good,Yes,779879
1497,4956,5,3,2,2016,Suburban,Fair,No,1320421
1498,2646,2,2,2,2004,Suburban,Excellent,Yes,980684
1499,4623,5,4,2,1991,Urban,Good,Yes,1381375
1500,4996,5,3,1,1954,Suburban,Fair,Yes,1253969
1501,3974,4,3,2,2001,Downtown,Fair,Yes,1277984
1502,4066,4,4,2,1971,Suburban,Good,No,1224883
1503,3681,4,3,2,1993,Suburban,Good,Yes,1120521
1504,4378,5,3,1,2008,Suburban,Fair,Yes,1299406
1505,1229,1,1,2,1974,Urban,Fair,Yes,457496
1506,869,2,2,2,1970,Downtown,Fair,Yes,558609
1507,3239,4,2,2,2013,Suburban,Good,Yes,995369
1508,2593,2,1,3,2017,Urban,Fair,Yes,815383
1509,3491,3,2,2,1996,Downtown,Good,Yes,1146510
1510,4032,4,2,1,1984,Urban,Fair,No,1183344
1511,1880,2,1,2,1956,Suburban,Good,Yes,715188
1512,2960,3,2,3,2005,Suburban,Good,No,990139
1513,1175,1,1,2,2001,Rural,Good,Yes,485735
1514,1907,3,3,2,1995,Downtown,Good,No,828114
1515,3792,4,2,1,1958,Urban,Good,No,1104405
1516,3778,5,3,2,2007,Suburban,Excellent,Yes,1174664
1517,3334,4,3,2,1972,Suburban,Good,Yes,1108018
1518,2812,2,1,3,1952,Urban,Good,Yes,809649
1519,2952,3,2,2,2010,Urban,Fair,Yes,944362
1520,4168,5,3,2,1958,Urban,Poor,No,1123855
1521,2255,2,2,2,2002,Suburban,Good,Yes,824488
1522,2179,3,3,2,2017,Urban,Fair,Yes,854835
1523,2803,3,2,3,1998,Rural,Excellent,No,905106
1524,1990,1,1,2,2019,Urban,Fair,Yes,596048
1525,2342,3,2,3,1997,Urban,Good,No,848680
1526,2525,2,2,2,1956,Urban,Good,No,783711
1527,1219,1,1,1,1980,Downtown,Excellent,Yes,687731
1528,1874,2,1,2,2005,Suburban,Fair,Yes,640501
1529,1556,1,1,1,2010,Suburban,Excellent,No,633823
1530,2539,2,1,1,1954,Downtown,Excellent,No,842446
1531,4553,5,4,2,1979,Suburban,Excellent,Yes,1384532
1532,2981,4,3,2,1971,Suburban,Excellent,Yes,1111070
1533,1568,1,1,2,1966,Urban,Excellent,No,749484
1534,1916,3,1,1,1959,Urban,Good,Yes,788875
1535,1643,1,1,2,2020,Urban,Excellent,Yes,666118
1536,881,1,1,2,2017,Urban,Good,No,496900
1537,3444,3,1,3,1991,Urban,Good,Yes,1045523
1538,1658,2,1,2,1976,Downtown,Good,No,713725
1539,4893,5,4,2,1956,Urban,Excellent,No,1497998
1540,3132,3,2,1,1972,Rural,Fair,Yes,814045
1541,4428,3,2,2,1957,Downtown,Excellent,No,1271764
1542,1608,2,2,2,1957,Downtown,Fair,Yes,740697
1543,1829,3,2,3,1954,Suburban,Good,Yes,726490
1544,1635,1,1,1,2020,Downtown,Poor,Yes,666709
1545,875,1,1,2,1951,Urban,Good,Yes,533195
1546,3340,4,2,2,2000,Urban,Excellent,No,1101142
1547,2889,2,2,1,2015,Rural,Good,No,741560
1548,1839,1,2,2,1961,Downtown,Good,Yes,766334
1549,725,1,1,3,1996,Rural,Fair,Yes,327759
1550,4665,5,3,2,2004,Suburban,Excellent,Yes,1403228
1551,4912,5,3,3,1975,Suburban,Excellent,Yes,1499733
1552,4468,4,3,1,1994,Suburban,Good,No,1225961
1553,1808,1,1,2,2011,Downtown,Good,No,819128
1554,3849,2,1,2,2019,Downtown,Good,No,1161971
1555,1518,1,1,2,1951,Urban,Good,No,558809
1556,4523,5,3,3,1975,Downtown,Fair,No,1272283
1557,2569,2,1,1,1963,Rural,Excellent,Yes,774398
1558,3393,3,1,3,2006,Suburban,Excellent,Yes,1040076
1559,1491,2,1,2,1981,Urban,Fair,Yes,629202
1560,2633,3,3,1,2011,Suburban,Excellent,No,918857
1561,1964,2,1,3,1979,Rural,Poor,Yes,529420
1562,728,1,1,2,1962,Rural,Good,Yes,353712
1563,1614,2,1,3,1989,Suburban,Good,Yes,660230
1564,2399,2,2,2,1980,Urban,Poor,Yes,742776
1565,2118,3,2,3,1986,Downtown,Fair,No,911579
1566,4781,5,2,2,1994,Downtown,Fair,No,1321143
1567,1798,1,1,1,2008,Downtown,Good,Yes,798019
1568,4473,5,4,2,1977,Downtown,Excellent,Yes,1529959
1569,3074,3,2,1,2010,Rural,Good,No,802856
1570,4085,5,2,2,1968,Rural,Good,Yes,1112565
1571,4649,5,3,1,1992,Suburban,Good,No,1292796
1572,4319,5,3,1,2008,Suburban,Good,Yes,1272025
1573,902,1,1,1,1965,Urban,Excellent,No,520569
1574,4552,5,4,2,2018,Urban,Good,Yes,1431058
1575,1586,1,1,2,1993,Rural,Fair,No,355616
1576,2463,3,2,2,2015,Urban,Fair,Yes,859472
1577,3672,3,2,1,1959,Suburban,Excellent,Yes,1066058
1578,3724,4,3,2,1996,Urban,Poor,No,1013671
1579,1927,2,1,2,1968,Rural,Excellent,Yes,704356
1580,3008,2,1,2,2000,Suburban,Fair,Yes,898426
1581,4273,4,2,3,1962,Suburban,Good,No,1212861
1582,3891,4,3,2,2012,Downtown,Fair,Yes,1273845
1583,4633,5,3,2,1965,Urban,Excellent,Yes,1356985
1584,1303,1,1,1,2002,Suburban,Good,Yes,551809
1585,1174,2,1,1,1984,Urban,Fair,Yes,584020
1586,3832,4,3,3,2008,Rural,Fair,Yes,942867
1587,3232,4,2,3,1988,Suburban,Good,No,1064377
1588,4428,4,3,1,2016,Urban,Excellent,Yes,1316840
1589,3830,4,3,2,2022,Urban,Good,No,1147712
1590,1088,2,1,2,2010,Suburban,Excellent,No,614755
1591,1947,2,2,2,1999,Downtown,Poor,Yes,824557
1592,4281,5,4,3,2002,Downtown,Good,No,1337152
1593,3773,4,3,1,1995,Downtown,Excellent,Yes,1258907
1594,2267,2,2,2,2001,Downtown,Good,Yes,954226
1595,2237,4,1,1,1978,Urban,Fair,Yes,789044
1596,4714,5,4,2,1954,Urban,Good,Yes,1367324
1597,4153,5,3,1,2016,Suburban,Good,Yes,1249846
1598,1600,1,1,3,2023,Suburban,Good,No,711352
1599,1450,1,1,2,1989,Suburban,Poor,No,476046
1600,1988,2,2,3,2021,Urban,Poor,Yes,734118
1601,4312,5,3,1,1951,Rural,Excellent,Yes,1230662
1602,1967,2,1,1,2017,Suburban,Fair,No,642549
1603,1421,1,1,1,2011,Urban,Good,No,630835
1604,1054,2,1,2,2007,Urban,Good,No,532719
1605,2224,2,1,3,2018,Downtown,Good,Yes,894176
1606,3372,4,2,2,2007,Urban,Excellent,No,1127375
1607,4326,5,3,1,1984,Rural,Poor,No,998518
1608,3747,4,4,1,1963,Urban,Good,No,1079823
1609,4689,5,4,1,1964,Suburban,Poor,Yes,1280205
1610,2790,3,1,2,1955,Urban,Poor,Yes,833294
1611,1516,1,1,2,1965,Rural,Fair,Yes,527804
1612,4586,5,4,2,1995,Urban,Good,No,1377370
1613,3475,3,2,2,2012,Urban,Good,Yes,1112964
1614,2040,2,1,1,1961,Suburban,Good,Yes,665582
1615,5000,4,2,1,1990,Suburban,Poor,Yes,1270372
1616,1335,1,1,2,1968,Suburban,Good,No,444995
1617,4168,4,2,2,1951,Suburban,Poor,Yes,1066637
1618,3938,4,3,2,1969,Urban,Fair,Yes,1189287
1619,3615,4,3,1,1958,Urban,Good,No,1074776
1620,3489,2,1,1,1970,Suburban,Good,Yes,970315
1621,1561,1,1,1,1957,Suburban,Good,No,591034
1622,3589,3,2,1,1988,Urban,Good,No,1038924
1623,4448,5,3,1,1986,Suburban,Fair,Yes,1238370
1624,1626,2,1,2,1978,Rural,Excellent,Yes,663658
1625,4465,4,2,1,1984,Suburban,Good,Yes,1206591
1626,3463,4,3,1,1987,Downtown,Poor,Yes,1021553
1627,3101,3,2,3,1984,Urban,Good,Yes,1053417
1628,2547,3,2,2,2017,Urban,Good,Yes,936352
1629,1777,2,1,3,1952,Urban,Good,Yes,697250
1630,611,1,1,1,1961,Urban,Good,Yes,440030
1631,4999,5,3,2,1981,Urban,Excellent,No,1403982
1632,3964,5,3,1,1996,Downtown,Excellent,Yes,1347195
1633,3622,4,3,2,2012,Urban,Good,No,1172924
1634,3971,5,4,1,1975,Downtown,Good,No,1268765
1635,3430,4,3,1,1992,Urban,Poor,No,950028
1636,642,1,1,3,1993,Downtown,Excellent,Yes,582047
1637,1543,3,1,2,1987,Downtown,Poor,Yes,670137
1638,2990,3,3,3,1978,Downtown,Good,Yes,1114811
1639,3145,4,2,1,2004,Rural,Poor,No,834895
1640,3011,3,2,1,2001,Suburban,Fair,No,828363
1641,1604,2,2,2,1968,Urban,Fair,Yes,710162
1642,620,1,1,2,1984,Rural,Fair,No,268723
1643,1006,1,1,2,1997,Urban,Poor,Yes,377271
1644,1614,1,1,3,2009,Suburban,Fair,Yes,594089
1645,2438,3,2,1,1980,Downtown,Good,Yes,879388
1646,3788,3,2,2,1952,Suburban,Good,Yes,1073899
1647,1314,2,1,1,1984,Downtown,Good,No,647505
1648,4746,5,3,1,2001,Downtown,Good,Yes,1378820
1649,4454,5,3,2,2020,Urban,Excellent,No,1454189
1650,740,2,1,2,2000,Rural,Good,Yes,383371
1651,1563,2,1,1,2005,Downtown,Poor,Yes,552069
1652,972,1,1,1,1970,Urban,Fair,No,479455
1653,4235,5,3,2,1950,Urban,Good,No,1256952
1654,3141,2,1,2,2002,Suburban,Excellent,No,941764
1655,4210,4,2,1,1955,Urban,Poor,Yes,1101279
1656,2292,3,2,1,2011,Suburban,Good,No,773625
1657,705,1,1,1,1996,Urban,Poor,No,273140
1658,2281,1,1,3,1999,Suburban,Good,No,655714
1659,4697,5,2,3,1980,Downtown,Good,Yes,1471299
1660,4616,5,3,2,2013,Urban,Good,Yes,1407081
1661,3236,4,2,3,1978,Rural,Good,Yes,989655
1662,2737,2,1,2,1964,Suburban,Excellent,Yes,935590
1663,4016,4,3,1,2007,Rural,Poor,Yes,860507
1664,4130,5,4,1,1972,Suburban,Good,Yes,1202403
1665,1886,1,1,3,1987,Urban,Good,No,633381
1666,3779,4,3,2,1990,Suburban,Excellent,Yes,1190356
1667,4254,3,2,3,1964,Suburban,Good,Yes,1083520
1668,2959,3,2,3,1952,Urban,Fair,Yes,943997
1669,1044,2,1,2,1950,Downtown,Excellent,Yes,695855
1670,635,1,1,1,1960,Urban,Fair,Yes,488294
1671,2075,4,4,1,2009,Downtown,Poor,Yes,849517
1672,4557,4,2,1,2014,Urban,Good,Yes,1343922
1673,2398,2,1,1,1953,Rural,Good,Yes,707844
1674,2445,2,1,2,1974,Suburban,Good,Yes,853075
1675,2008,2,2,1,2021,Suburban,Good,Yes,690920
1676,2308,3,2,1,1992,Urban,Good,Yes,890966
1677,3538,3,2,2,1989,Urban,Excellent,Yes,1168569
1678,1900,2,1,1,1993,Suburban,Excellent,No,628282
1679,1843,2,1,2,2021,Suburban,Good,Yes,725338
1680,4576,5,3,2,2008,Suburban,Fair,Yes,1310231
1681,3697,4,4,2,1972,Rural,Excellent,Yes,1041742
1682,609,1,1,3,2011,Urban,Good,Yes,501086
1683,3025,3,2,1,1972,Downtown,Excellent,Yes,1089857
1684,2260,3,1,1,2007,Urban,Fair,Yes,784699
1685,3231,2,2,3,2004,Urban,Good,No,1026757
1686,1672,1,1,2,1982,Downtown,Excellent,Yes,754537
1687,3825,3,3,2,2012,Rural,Good,No,981064
1688,1916,2,1,1,2009,Rural,Good,Yes,644547
1689,4745,5,3,3,2010,Rural,Excellent,Yes,1435565
1690,4283,4,2,3,2010,Rural,Good,Yes,1236781
1691,3873,3,2,2,2018,Rural,Good,No,1129867
1692,745,1,1,1,1970,Rural,Poor,No,193153
1693,3640,4,3,3,1952,Suburban,Good,Yes,1085546
1694,2062,2,2,2,1997,Downtown,Fair,No,674573
1695,2184,3,2,2,1959,Downtown,Fair,Yes,796987
1696,1082,1,1,1,1991,Downtown,Good,Yes,533903
1697,3779,4,2,2,2015,Urban,Poor,Yes,1069829
1698,1849,2,1,1,1995,Suburban,Excellent,No,754600
1699,1230,1,1,1,1958,Urban,Good,Yes,592267
1700,1261,1,1,2,1998,Urban,Good,Yes,584255
1701,4103,5,4,1,1953,Downtown,Fair,Yes,1233730
1702,3452,4,4,2,2009,Downtown,Fair,No,1102212
1703,3066,3,2,2,1978,Urban,Fair,No,947831
1704,1587,1,1,1,1996,Downtown,Fair,Yes,638581
1705,2146,3,2,2,2012,Downtown,Excellent,No,949587
1706,1249,1,1,3,1980,Urban,Good,Yes,626681
1707,1568,2,1,1,2000,Urban,Excellent,Yes,763958
1708,3237,3,1,2,1990,Downtown,Good,Yes,948515
1709,1700,2,1,1,1985,Suburban,Good,No,622486
1710,1040,1,2,2,1989,Urban,Good,No,542019
1711,1369,2,1,1,2009,Downtown,Fair,Yes,570282
1712,1943,1,1,2,1964,Suburban,Good,Yes,708526
1713,4958,5,3,1,1979,Urban,Fair,No,1331781
1714,4329,4,3,3,1979,Downtown,Good,Yes,1283839
1715,4506,5,4,2,1976,Rural,Fair,Yes,1162500
1716,2177,3,2,2,1989,Suburban,Good,Yes,779425
1717,4608,5,2,2,1994,Urban,Fair,No,1381457
1718,3951,4,2,2,1996,Rural,Poor,Yes,941704
1719,2949,3,1,2,2005,Rural,Good,Yes,822315
1720,4202,3,2,2,2003,Urban,Fair,Yes,1183517
1721,1841,2,1,2,1958,Suburban,Fair,Yes,696732
1722,1725,1,1,1,2014,Suburban,Good,No,588088
1723,3201,3,2,1,2019,Downtown,Good,No,1043732
1724,1790,2,2,2,1950,Suburban,Excellent,Yes,724247
1725,4731,4,2,3,1962,Downtown,Good,No,1341589
1726,672,1,1,1,1987,Suburban,Excellent,Yes,460266
1727,2514,2,2,1,1994,Suburban,Fair,Yes,805798
1728,3072,3,3,1,1989,Urban,Good,No,954100
1729,3646,2,1,3,1964,Rural,Good,No,883611
1730,1307,1,1,3,1999,Suburban,Fair,Yes,568454
1731,2404,3,4,2,1951,Rural,Fair,Yes,658283
1732,4313,5,4,3,2002,Urban,Good,Yes,1344493
1733,3164,2,1,2,1975,Downtown,Good,Yes,944692
1734,3075,3,3,3,2015,Suburban,Fair,No,906677
1735,4210,5,3,1,1982,Urban,Fair,Yes,1206268
1736,4855,5,4,1,2008,Urban,Good,Yes,1420451
1737,3423,4,2,2,1975,Suburban,Fair,No,932943
1738,2335,3,2,2,1970,Downtown,Excellent,No,949612
1739,2185,2,2,2,1998,Urban,Excellent,Yes,829720
1740,666,1,1,1,2020,Urban,Excellent,Yes,570264
1741,3661,4,2,2,2020,Urban,Fair,No,1060009
1742,3028,4,2,1,2015,Urban,Poor,No,930548
1743,4753,5,2,1,1986,Downtown,Excellent,No,1436100
1744,941,1,1,3,1963,Downtown,Good,Yes,558499
1745,3374,3,2,3,2021,Suburban,Fair,Yes,943572
1746,3417,4,3,3,1956,Urban,Fair,Yes,1068586
1747,3261,4,2,2,1987,Suburban,Fair,Yes,957085
1748,1832,1,1,2,1994,Urban,Good,Yes,767141
1749,4474,5,3,2,1971,Suburban,Excellent,Yes,1405774
1750,3001,3,2,1,1993,Rural,Good,Yes,837854
1751,2094,2,1,1,1984,Suburban,Good,No,563204
1752,4811,4,2,1,2009,Suburban,Fair,Yes,1296079
1753,1261,1,1,3,1952,Downtown,Good,No,576039
1754,4483,4,3,1,2016,Urban,Fair,Yes,1257703
1755,4219,4,3,3,2021,Rural,Fair,No,1157627
1756,2468,3,2,2,2004,Suburban,Fair,Yes,821110
1757,2934,3,3,2,1958,Suburban,Good,Yes,962748
1758,3974,3,2,1,2018,Rural,Poor,No,973840
1759,1616,3,1,1,1977,Downtown,Excellent,No,765337
1760,807,1,1,3,1964,Suburban,Excellent,Yes,541986
1761,3265,4,3,1,1980,Urban,Fair,Yes,1022271
1762,3093,2,1,1,2008,Suburban,Good,Yes,933779
1763,1232,2,2,1,2003,Downtown,Good,Yes,699976
1764,2702,3,2,1,2017,Rural,Excellent,Yes,946054
1765,3559,3,1,1,1996,Suburban,Excellent,Yes,1015861
1766,3683,4,2,2,1991,Downtown,Fair,Yes,1137680
1767,2531,3,1,2,1972,Suburban,Poor,No,678931
1768,4319,4,2,2,2014,Suburban,Fair,Yes,1189848
1769,3162,3,2,1,2003,Downtown,Good,No,985302
1770,2279,1,1,3,1960,Downtown,Good,Yes,796652
1771,836,1,1,2,2012,Urban,Good,Yes,534023
1772,2140,1,1,1,1971,Downtown,Fair,Yes,709280
1773,4543,5,4,2,2003,Suburban,Excellent,Yes,1321324
1774,963,1,1,1,1985,Urban,Fair,Yes,451496
1775,2968,3,3,2,2007,Urban,Good,No,932924
1776,885,1,1,2,1969,Suburban,Good,Yes,481918
1777,748,1,1,3,1965,Rural,Fair,No,299388
1778,4637,5,4,1,2005,Suburban,Good,Yes,1383128
1779,2366,2,1,2,1999,Suburban,Good,Yes,791738
1780,1612,1,1,1,2015,Urban,Excellent,Yes,675157
1781,3431,4,2,2,2023,Downtown,Excellent,No,1071210
1782,3107,3,2,2,1962,Downtown,Excellent,Yes,1159433
1783,2123,3,3,1,1964,Suburban,Good,No,710465
1784,3385,3,2,2,2022,Urban,Good,No,954972
1785,3156,3,2,2,1976,Urban,Fair,No,994497
1786,4325,4,2,3,1957,Rural,Good,No,1123050
1787,2201,3,2,1,2019,Urban,Excellent,No,948729
1788,3008,3,3,3,1999,Rural,Poor,No,802365
1789,940,1,1,3,2016,Rural,Good,No,444910
1790,3417,3,2,3,1975,Downtown,Excellent,Yes,1168513
1791,3096,1,1,2,1985,Rural,Excellent,Yes,899531
1792,2325,3,2,3,1970,Downtown,Good,Yes,1012245
1793,2289,2,1,2,2001,Rural,Good,Yes,737158
1794,3867,2,1,1,1960,Urban,Fair,No,960862
1795,861,1,1,2,1957,Suburban,Good,Yes,381275
1796,2042,2,1,2,2006,Suburban,Fair,No,694880
1797,1005,1,1,3,1995,Urban,Fair,Yes,516811
1798,2790,3,1,2,1951,Suburban,Fair,Yes,802602
1799,843,1,1,1,2013,Rural,Good,Yes,310433
1800,4707,5,3,2,2001,Rural,Good,Yes,1182819
1801,1160,1,1,3,2014,Suburban,Good,Yes,562844
1802,4737,5,4,1,1960,Suburban,Excellent,No,1307381
1803,3325,3,2,1,1955,Urban,Fair,Yes,966797
1804,1193,1,1,2,2013,Suburban,Good,Yes,592157
1805,2426,2,1,1,2004,Suburban,Good,Yes,757194
1806,3829,3,1,1,1993,Suburban,Fair,Yes,1021429
1807,3887,4,3,1,1963,Suburban,Excellent,Yes,1172882
1808,4673,5,4,3,1954,Urban,Poor,Yes,1418749
1809,733,1,1,1,1974,Downtown,Good,Yes,502250
1810,3738,4,4,2,1999,Downtown,Good,Yes,1236776
1811,4519,5,2,2,2022,Suburban,Good,Yes,1285741
1812,672,2,1,3,2020,Urban,Fair,Yes,554218
1813,4825,5,3,3,1951,Suburban,Good,Yes,1317180
1814,3578,3,2,2,1959,Downtown,Good,Yes,1165892
1815,4961,5,3,3,1951,Urban,Good,No,1381221
1816,2585,3,3,1,2009,Urban,Excellent,No,966176
1817,1392,1,1,2,1994,Urban,Good,Yes,691940
1818,4859,5,3,2,1957,Downtown,Fair,Yes,1314593
1819,694,1,1,1,2007,Suburban,Fair,No,357823
1820,1733,1,1,2,1956,Downtown,Good,Yes,742084
1821,837,1,2,1,2021,Downtown,Good,Yes,624908
1822,3546,4,3,3,1970,Rural,Fair,No,870035
1823,3130,3,2,2,1996,Downtown,Fair,Yes,979872
1824,2560,4,2,2,1950,Suburban,Poor,Yes,767121
1825,1648,2,2,1,1961,Rural,Good,Yes,449136
1826,3129,3,2,1,1997,Suburban,Good,Yes,932985
1827,3564,4,3,3,1953,Suburban,Good,No,989528
1828,1563,2,1,2,1983,Urban,Fair,Yes,628875
1829,1136,1,1,3,1981,Urban,Good,Yes,569436
1830,4823,5,3,1,1952,Urban,Good,Yes,1377012
1831,4279,4,3,1,2017,Downtown,Fair,No,1222541
1832,4787,5,2,2,2006,Urban,Fair,Yes,1354140
1833,4324,5,3,2,1973,Suburban,Good,Yes,1250657
1834,1142,1,1,1,1982,Downtown,Excellent,Yes,629825
1835,1445,1,1,2,1952,Suburban,Good,No,558292
1836,4203,4,3,2,1953,Suburban,Excellent,No,1239571
1837,3636,4,2,1,1979,Downtown,Poor,No,1009600
1838,3094,2,1,1,2019,Downtown,Fair,Yes,943594
1839,3319,4,3,2,1998,Urban,Good,No,1114606
1840,2484,3,2,2,1979,Suburban,Good,Yes,764650
1841,4738,5,3,2,2021,Urban,Good,No,1324712
1842,4949,5,3,2,1965,Suburban,Good,Yes,1380918
1843,3801,4,3,1,2002,Suburban,Poor,Yes,1117062
1844,3310,3,3,3,1955,Suburban,Good,Yes,979403
1845,2553,2,2,3,1973,Downtown,Fair,Yes,869817
1846,4450,5,2,2,1977,Suburban,Good,Yes,1245317
1847,1289,2,1,1,1970,Downtown,Good,No,597156
1848,2550,2,1,2,1957,Downtown,Good,No,836466
1849,1056,1,1,2,1985,Urban,Good,Yes,522522
1850,2730,3,2,3,1958,Suburban,Good,Yes,888287
1851,4576,4,3,3,1989,Rural,Good,No,1223930
1852,4844,5,3,3,2000,Urban,Excellent,Yes,1501756
1853,1779,3,1,1,1950,Suburban,Good,Yes,637811
1854,4885,4,2,3,2012,Urban,Good,Yes,1375082
1855,4165,5,2,2,2017,Suburban,Good,Yes,1183556
1856,1482,1,1,3,2023,Urban,Good,No,582777
1857,999,1,1,2,1975,Urban,Good,Yes,463645
1858,1208,2,1,1,1989,Suburban,Good,Yes,573058
1859,2238,3,1,2,1952,Suburban,Fair,Yes,670526
1860,2748,3,2,1,1958,Downtown,Poor,Yes,881046
1861,1982,2,1,2,1981,Suburban,Good,Yes,663888
1862,2003,2,2,3,2016,Urban,Fair,No,728360
1863,1419,1,1,1,1953,Downtown,Excellent,Yes,679819
1864,3892,3,2,1,1955,Downtown,Good,Yes,1243075
1865,1419,1,1,1,2022,Rural,Good,No,457280
1866,1019,1,2,2,1975,Rural,Fair,No,389663
1867,4819,5,4,3,1951,Downtown,Good,Yes,1407505
1868,3902,4,3,1,2015,Suburban,Good,No,1191045
1869,2108,3,2,1,1952,Suburban,Fair,Yes,716999
1870,1367,2,1,3,1984,Rural,Excellent,Yes,563352
1871,2644,3,2,3,2008,Rural,Fair,No,724306
1872,2739,3,2,1,1987,Suburban,Good,Yes,929824
1873,3629,4,3,2,1982,Downtown,Excellent,Yes,1313451
1874,2149,2,1,2,1964,Urban,Excellent,Yes,811845
1875,2364,3,1,2,2023,Suburban,Good,No,756702
1876,3245,3,1,2,1963,Rural,Good,Yes,920790
1877,4316,4,3,3,2015,Urban,Excellent,Yes,1360477
1878,2893,4,2,1,1994,Suburban,Excellent,No,978705
1879,3308,4,3,1,1997,Suburban,Good,Yes,1014286
1880,1500,1,1,2,1993,Downtown,Good,Yes,689165
1881,3684,3,1,2,1986,Suburban,Good,Yes,1128831
1882,2609,2,1,3,1978,Downtown,Poor,Yes,831019
1883,841,1,1,2,1983,Suburban,Fair,No,438368
1884,2985,4,2,1,2008,Suburban,Good,Yes,899030
1885,4868,5,3,2,1992,Rural,Good,Yes,1219282
1886,1271,1,1,2,1982,Rural,Good,Yes,493569
1887,763,1,1,3,1968,Downtown,Good,Yes,521839
1888,1064,1,1,2,1957,Downtown,Good,Yes,586728
1889,3642,4,2,2,1980,Suburban,Fair,No,899891
1890,3042,3,2,2,1960,Suburban,Good,Yes,832824
1891,2955,3,3,2,1957,Suburban,Excellent,Yes,988267
1892,4878,5,3,2,1974,Urban,Good,No,1347031
1893,3157,4,3,1,1969,Suburban,Fair,Yes,923115
1894,1145,2,1,3,1987,Urban,Good,Yes,686347
1895,4435,4,2,2,1956,Urban,Excellent,No,1303004
1896,1193,1,1,2,1988,Downtown,Good,Yes,734522
1897,4404,5,4,3,2023,Rural,Good,Yes,1278200
1898,2059,2,1,3,2021,Suburban,Fair,No,741541
1899,4093,5,4,3,1969,Rural,Good,No,1180609
1900,3201,3,2,3,1960,Suburban,Fair,No,860936
1901,3044,4,2,1,1965,Downtown,Fair,Yes,994117
1902,3272,2,2,2,1991,Suburban,Good,No,914207
1903,4800,4,2,2,2001,Downtown,Good,Yes,1470698
1904,616,2,2,1,1986,Suburban,Good,No,431983
1905,3791,4,2,3,2001,Urban,Fair,No,1064305
1906,992,2,1,2,1958,Suburban,Good,Yes,435384
1907,1024,2,1,2,1984,Suburban,Good,No,429950
1908,1171,1,1,3,2016,Urban,Excellent,Yes,632431
1909,4231,5,2,1,1956,Downtown,Good,No,1214155
1910,1720,2,2,2,1951,Urban,Fair,Yes,589737
1911,841,2,1,2,1974,Rural,Good,Yes,459458
1912,4497,4,3,1,1990,Urban,Good,Yes,1235075
1913,4695,5,4,1,2001,Suburban,Excellent,Yes,1428164
1914,2879,3,2,3,2014,Downtown,Good,Yes,1167625
1915,1388,2,1,2,1987,Urban,Excellent,No,670148
1916,1314,1,1,3,2016,Suburban,Good,No,558253
1917,3449,4,3,2,1991,Suburban,Poor,Yes,986170
1918,1375,1,1,1,2020,Suburban,Excellent,Yes,567422
1919,4626,4,2,1,2003,Urban,Fair,Yes,1286359
1920,2847,1,1,2,2016,Suburban,Fair,No,787881
1921,678,1,1,3,2013,Urban,Excellent,No,542148
1922,4526,5,4,1,1953,Downtown,Good,Yes,1311843
1923,1455,2,2,3,1980,Urban,Fair,No,684877
1924,2748,3,2,3,1962,Downtown,Fair,Yes,957261
1925,1631,3,2,3,1976,Rural,Good,Yes,566818
1926,3871,4,2,2,2008,Suburban,Poor,Yes,1001222
1927,4176,4,3,3,2014,Urban,Good,Yes,1259979
1928,4782,5,3,2,2013,Rural,Good,Yes,1370665
1929,4056,4,2,1,1974,Rural,Excellent,Yes,1121187
1930,4106,4,2,1,1986,Urban,Good,Yes,1200653
1931,1007,1,1,3,2022,Rural,Good,Yes,443651
1932,3311,3,1,1,2020,Downtown,Good,Yes,1144182
1933,3688,4,3,2,1963,Rural,Poor,Yes,974836
1934,2268,2,2,1,1973,Urban,Good,No,696035
1935,747,2,2,1,2016,Suburban,Good,Yes,499771
1936,4927,4,4,1,1997,Urban,Good,Yes,1401751
1937,4497,5,3,3,2014,Rural,Good,Yes,1219419
1938,2550,2,2,2,1987,Downtown,Poor,Yes,812017
1939,965,1,1,3,2019,Urban,Poor,Yes,464046
1940,2274,2,1,2,2008,Suburban,Good,No,692636
1941,3146,4,2,3,1961,Suburban,Good,Yes,1000522
1942,1162,3,2,2,2003,Suburban,Good,Yes,625202
1943,4162,4,2,2,2000,Suburban,Good,Yes,1216767
1944,3089,4,1,2,1987,Suburban,Excellent,No,965860
1945,1372,1,1,2,1995,Urban,Excellent,No,545343
1946,2637,4,4,3,1959,Urban,Good,No,918371
1947,4023,5,3,2,1958,Urban,Good,No,1149721
1948,3167,3,2,3,2001,Rural,Fair,No,834617
1949,2173,1,1,2,2000,Urban,Good,No,760272
1950,4294,5,3,1,1971,Urban,Good,Yes,1363288
1951,3891,4,3,2,2022,Suburban,Excellent,No,1168269
1952,1846,2,1,1,2021,Urban,Fair,Yes,695610
1953,4319,4,2,2,2017,Urban,Good,Yes,1294826
1954,4439,4,3,2,1954,Suburban,Excellent,Yes,1352425
1955,959,2,2,3,1978,Downtown,Excellent,No,686113
1956,2976,3,2,1,1955,Suburban,Good,No,841428
1957,3609,3,2,1,2018,Urban,Fair,Yes,1061552
1958,3593,4,2,1,2007,Urban,Poor,Yes,1044810
1959,1562,2,2,2,1992,Rural,Fair,No,527920
1960,4232,4,2,3,2018,Urban,Good,No,1328294
1961,2427,4,3,3,2021,Urban,Fair,Yes,999328
1962,2213,2,1,2,1986,Rural,Fair,Yes,588676
1963,2240,2,1,3,2007,Downtown,Good,Yes,823162
1964,2816,4,2,1,1986,Downtown,Good,Yes,971358
1965,4912,5,3,1,1975,Urban,Good,No,1371773
1966,977,1,1,1,1991,Suburban,Excellent,Yes,586303
1967,4814,5,3,3,1965,Urban,Poor,No,1253367
1968,4885,5,4,2,1971,Suburban,Good,No,1296427
1969,969,2,1,2,1972,Downtown,Good,Yes,544999
1970,2796,3,2,1,1996,Urban,Fair,No,930715
1971,4347,5,3,2,2016,Suburban,Good,No,1234466
1972,1251,1,1,3,1952,Downtown,Good,Yes,563704
1973,1369,1,1,1,1961,Urban,Good,No,536440
1974,3021,4,4,2,1972,Suburban,Poor,No,867741
1975,1380,1,1,1,1960,Rural,Excellent,No,518617
1976,2316,2,3,1,2001,Downtown,Excellent,Yes,920109
1977,4583,4,3,2,1999,Urban,Fair,Yes,1344842
1978,1911,1,1,1,2006,Urban,Good,Yes,770390
1979,3959,4,2,2,2013,Suburban,Good,Yes,1171121
1980,1122,1,1,2,1995,Rural,Fair,Yes,428101
1981,1121,3,2,2,1978,Rural,Good,No,515735
1982,2920,3,2,2,2019,Urban,Fair,Yes,924841
1983,1535,2,1,2,1995,Urban,Excellent,Yes,672761
1984,2830,2,2,1,1965,Urban,Good,Yes,869796
1985,4640,5,3,2,2000,Urban,Excellent,No,1327817
1986,4297,5,3,2,1960,Suburban,Poor,No,1120718
1987,3437,5,3,1,1960,Downtown,Fair,Yes,1192310
1988,4683,5,2,3,2012,Suburban,Good,Yes,1304367
1989,3061,3,1,2,2002,Rural,Excellent,No,875701
1990,3843,4,2,3,2007,Urban,Good,No,1159061
1991,3959,4,2,3,1968,Suburban,Good,No,1201559
1992,1285,1,1,2,1981,Downtown,Good,No,593621
1993,2760,4,2,2,1999,Downtown,Poor,No,958609
1994,4588,5,2,2,2021,Downtown,Good,Yes,1429756
1995,4666,5,4,2,2004,Downtown,Good,Yes,1329470
1996,2167,1,1,3,1990,Downtown,Poor,Yes,712335
1997,638,2,1,2,2019,Suburban,Fair,Yes,469249
1998,3144,4,2,1,1970,Suburban,Good,No,907334
1999,1856,2,1,2,1975,Downtown,Good,No,765660
2000,3590,4,3,3,1950,Rural,Good,Yes,1090131
2001,2796,3,2,2,1976,Suburban,Good,No,880661
2002,4068,5,4,2,1999,Suburban,Good,Yes,1218642
2003,3308,2,2,2,2015,Urban,Good,No,1039221
2004,901,1,1,2,2014,Downtown,Good,Yes,628030
2005,1246,2,1,2,1959,Suburban,Good,Yes,584841
2006,2359,3,2,2,1986,Rural,Excellent,Yes,805835
2007,4951,5,4,2,2018,Urban,Good,Yes,1440336
2008,1197,1,1,2,1990,Suburban,Excellent,Yes,614647
2009,1261,2,2,2,1995,Downtown,Good,Yes,732149
2010,4930,5,3,2,1994,Suburban,Fair,Yes,1306561
2011,1968,1,1,1,1976,Downtown,Fair,Yes,636755
2012,3181,3,2,1,2014,Suburban,Good,No,925331
2013,4468,5,3,1,1957,Suburban,Poor,Yes,1095579
2014,4137,3,2,2,2016,Urban,Good,No,1177338
2015,4908,5,3,1,1998,Downtown,Good,No,1474771
2016,882,2,1,2,1963,Rural,Good,Yes,317014
2017,4278,4,3,1,2011,Suburban,Good,Yes,1245244
2018,2086,2,1,2,1992,Suburban,Good,Yes,743141
2019,4682,5,2,2,1976,Suburban,Poor,No,1120680
2020,4783,5,4,2,1976,Rural,Poor,Yes,1205622
2021,1060,1,1,2,2017,Downtown,Good,No,655695
2022,2925,4,2,1,1997,Rural,Fair,Yes,846530
2023,4354,3,2,3,2016,Urban,Fair,No,1287164
2024,3068,3,2,1,1974,Downtown,Good,No,1004725
2025,2324,3,2,2,2013,Suburban,Fair,No,796630
2026,1976,2,1,3,1973,Rural,Poor,Yes,624581
2027,3343,3,3,2,1958,Downtown,Good,Yes,1133116
2028,1114,2,2,3,1957,Urban,Poor,Yes,580930
2029,1302,1,1,1,2008,Suburban,Poor,Yes,470715
2030,2253,3,3,2,1966,Urban,Good,Yes,920954
2031,2666,3,2,2,1992,Rural,Fair,No,676613
2032,622,1,1,1,2017,Suburban,Good,No,399784
2033,3060,4,2,2,1953,Suburban,Fair,Yes,1010823
2034,1904,3,2,2,1957,Urban,Excellent,Yes,739284
2035,3900,5,3,2,1991,Urban,Good,No,1167699
2036,961,1,1,3,1998,Suburban,Good,Yes,606450
2037,4327,5,3,1,1955,Urban,Fair,Yes,1215916
2038,1884,2,2,1,2022,Suburban,Fair,Yes,664860
2039,1114,1,1,2,1991,Urban,Good,Yes,607156
2040,1048,1,1,2,2021,Urban,Good,Yes,635646
2041,2455,2,2,2,1981,Rural,Fair,Yes,668903
2042,4162,5,3,2,1964,Suburban,Excellent,No,1164034
2043,3120,3,2,1,2018,Downtown,Good,Yes,1041290
2044,3681,3,3,2,1976,Rural,Good,No,947842
2045,2028,2,2,3,2015,Suburban,Excellent,Yes,777551
2046,4567,4,1,2,2008,Suburban,Excellent,No,1239459
2047,1522,1,1,2,1977,Urban,Good,No,594930
2048,3737,3,1,1,1973,Urban,Excellent,No,1063704
2049,2759,3,2,1,2000,Suburban,Excellent,Yes,1030372
2050,3147,4,3,1,1970,Urban,Excellent,Yes,1079010
2051,3579,3,2,2,1980,Downtown,Good,Yes,1081825
2052,2881,3,1,3,1999,Urban,Good,Yes,1023475
2053,3249,3,1,2,1989,Downtown,Fair,No,1135233
2054,913,1,1,1,2017,Suburban,Excellent,Yes,531002
2055,3213,4,3,1,1965,Downtown,Fair,No,1031701
2056,3683,5,2,2,2012,Urban,Good,Yes,1251718
2057,2856,3,2,2,2005,Rural,Poor,Yes,741138
2058,1637,2,2,2,1973,Suburban,Good,Yes,731754
2059,4089,4,3,2,1977,Urban,Good,No,1125204
2060,3234,3,1,2,1980,Suburban,Fair,Yes,899462
2061,4583,5,3,1,1964,Downtown,Good,Yes,1349072
2062,2378,2,1,1,1991,Downtown,Good,Yes,821873
2063,4495,5,3,1,1999,Suburban,Fair,Yes,1203710
2064,1724,2,1,1,1954,Suburban,Excellent,Yes,693427
2065,1297,1,1,1,1997,Rural,Good,No,476340
2066,2779,3,2,1,1962,Suburban,Fair,Yes,844208
2067,2004,1,1,2,1981,Rural,Excellent,No,560834
2068,1643,2,1,2,2016,Rural,Good,No,582852
2069,2529,4,2,2,1979,Suburban,Good,No,833143
2070,1613,1,2,3,1955,Rural,Good,Yes,518482
2071,826,1,1,1,1974,Suburban,Good,Yes,423380
2072,2428,3,1,3,1977,Downtown,Good,No,968083
2073,2623,4,3,2,2011,Downtown,Fair,Yes,987707
2074,3052,3,3,2,1971,Downtown,Good,Yes,1101856
2075,2685,2,2,2,2017,Rural,Fair,No,770135
2076,4883,5,4,1,1964,Suburban,Good,Yes,1392872
2077,1680,2,2,3,1975,Suburban,Good,Yes,651472
2078,2920,3,1,1,2012,Urban,Good,No,905766
2079,3790,4,3,1,1967,Urban,Good,No,1130942
2080,3230,4,4,1,2022,Downtown,Poor,No,1018814
2081,3163,4,4,1,2012,Rural,Poor,Yes,839536
2082,3892,4,2,1,2011,Rural,Fair,Yes,1022334
2083,4186,4,4,1,2017,Suburban,Excellent,Yes,1265111
2084,3547,4,3,1,1997,Downtown,Excellent,Yes,1234719
2085,4559,5,4,3,1999,Downtown,Excellent,No,1475725
2086,3413,4,3,1,2012,Urban,Fair,No,1012128
2087,3183,3,2,1,2018,Urban,Good,No,988135
2088,761,1,2,2,1955,Suburban,Good,No,387643
2089,1193,1,1,3,2007,Downtown,Good,No,726100
2090,3859,4,4,1,2000,Suburban,Good,No,1211003
2091,4755,5,4,1,1961,Suburban,Good,Yes,1307876
2092,3562,3,3,3,1996,Urban,Good,No,1082495
2093,4488,5,3,1,1958,Urban,Good,Yes,1292992
2094,3990,3,2,2,1956,Rural,Fair,No,952001
2095,1263,1,1,1,1978,Urban,Excellent,Yes,622860
2096,1732,1,1,3,2000,Suburban,Good,Yes,653633
2097,1141,1,1,3,2004,Downtown,Good,No,657563
2098,3574,4,2,3,2008,Suburban,Good,No,1032443
2099,1467,2,1,1,2005,Downtown,Good,Yes,689405
2100,2666,3,3,2,1971,Suburban,Good,Yes,821217
2101,1031,1,1,1,1967,Urban,Good,No,462142
2102,4878,5,4,3,2007,Downtown,Poor,Yes,1430537
2103,1806,2,2,3,1989,Downtown,Excellent,No,844275
2104,3128,3,2,2,1980,Rural,Fair,Yes,893566
2105,1769,3,2,2,2005,Downtown,Fair,No,712675
2106,1430,3,2,1,1984,Suburban,Excellent,Yes,618009
2107,2251,1,1,2,1975,Suburban,Fair,Yes,666747
2108,1736,2,2,2,2017,Urban,Fair,Yes,694833
2109,3410,5,3,2,1983,Downtown,Excellent,Yes,1298355
2110,1075,1,1,2,1965,Downtown,Fair,No,515295
2111,3410,4,3,1,1991,Suburban,Poor,Yes,1011299
2112,1926,2,1,3,1954,Suburban,Fair,Yes,621429
2113,1619,2,1,3,2010,Rural,Excellent,Yes,635295
2114,2436,3,2,3,1993,Suburban,Fair,Yes,837129
2115,4856,4,3,2,1984,Suburban,Good,Yes,1351960
2116,3048,3,2,2,1950,Downtown,Good,Yes,994762
2117,4893,4,3,1,1992,Suburban,Fair,No,1268404
2118,1883,2,1,3,1981,Urban,Fair,Yes,712555
2119,1259,1,1,2,2012,Urban,Excellent,No,633286
2120,2610,3,3,2,1982,Suburban,Good,No,900429
2121,998,1,1,2,2015,Suburban,Fair,Yes,530514
2122,2333,2,1,3,1979,Urban,Fair,No,713160
2123,2725,4,2,1,1959,Suburban,Good,No,864753
2124,2771,2,1,1,1972,Urban,Good,Yes,872613
2125,674,1,1,2,1988,Rural,Fair,No,256796
2126,4071,4,3,3,1994,Downtown,Fair,No,1228050
2127,1436,1,1,2,1978,Downtown,Good,Yes,594985
2128,1099,1,1,2,1979,Suburban,Good,No,516402
2129,737,1,1,2,1983,Suburban,Poor,Yes,374860
2130,2697,4,2,2,2001,Suburban,Poor,No,701816
2131,4296,3,2,2,1971,Suburban,Good,Yes,1157248
2132,2485,5,4,2,1954,Rural,Poor,No,726260
2133,3357,3,2,1,1960,Suburban,Fair,No,921015
2134,4520,5,3,3,1981,Suburban,Good,No,1261711
2135,2500,2,1,2,1973,Suburban,Good,No,738938
2136,3210,3,2,2,1960,Rural,Good,Yes,901897
2137,4586,4,3,1,1960,Urban,Good,Yes,1264275
2138,2049,3,1,1,1966,Suburban,Good,Yes,783524
2139,1146,1,1,3,1981,Suburban,Fair,No,448010
2140,2603,3,3,1,1976,Downtown,Fair,No,897384
2141,2696,1,1,2,1981,Suburban,Fair,No,775759
2142,1303,2,1,2,2010,Downtown,Excellent,No,728976
2143,3003,4,2,2,1974,Downtown,Good,No,1093053
2144,2225,1,1,1,2013,Rural,Poor,No,447974
2145,3931,5,3,1,2013,Downtown,Fair,No,1273713
2146,3578,4,3,3,1977,Suburban,Good,Yes,1149381
2147,3439,5,3,2,1989,Urban,Poor,Yes,957968
2148,3984,4,2,1,1963,Suburban,Good,No,1064536
2149,3259,5,3,1,1991,Urban,Excellent,No,1147041
2150,2461,1,1,3,1988,Urban,Poor,Yes,764065
2151,3456,3,2,1,1951,Rural,Fair,Yes,917191
2152,1285,1,1,2,1950,Urban,Poor,No,360381
2153,4883,5,3,2,1981,Urban,Fair,Yes,1364301
2154,2219,2,1,3,2013,Urban,Good,Yes,789770
2155,2031,2,1,2,1980,Downtown,Poor,Yes,682324
2156,1475,2,2,2,2007,Urban,Good,Yes,732374
2157,3061,3,2,1,1963,Downtown,Good,Yes,989509
2158,1965,2,1,3,2018,Urban,Excellent,No,814454
2159,1843,1,1,2,1965,Suburban,Good,Yes,608736
2160,762,1,1,3,2018,Suburban,Fair,Yes,483902
2161,2574,3,3,2,2003,Suburban,Fair,Yes,763698
2162,3891,5,4,2,1962,Downtown,Good,Yes,1348900
2163,869,2,1,1,1980,Rural,Fair,Yes,421255
2164,1231,1,1,2,2018,Urban,Fair,Yes,587309
2165,1505,2,1,1,1970,Rural,Excellent,Yes,583639
2166,4071,5,3,2,1979,Downtown,Poor,Yes,1126949
2167,3853,4,2,1,1972,Rural,Fair,Yes,1006428
2168,2614,1,1,1,1987,Suburban,Excellent,Yes,880440
2169,2241,1,1,1,1978,Downtown,Fair,Yes,762949
2170,804,1,1,1,1981,Rural,Poor,Yes,235688
2171,1181,1,1,3,2011,Downtown,Fair,Yes,686176
2172,1440,2,1,2,1994,Suburban,Good,Yes,567801
2173,2319,2,1,2,1998,Rural,Excellent,Yes,813661
2174,3243,4,3,1,1982,Downtown,Good,No,1113913
2175,2897,2,1,2,1953,Urban,Fair,No,798689
2176,1474,2,1,2,1967,Suburban,Fair,Yes,649897
2177,1289,1,1,3,2019,Suburban,Good,Yes,608832
2178,4600,4,3,3,2013,Rural,Good,No,1243801
2179,3741,5,3,2,1977,Suburban,Good,Yes,1169029
2180,2022,1,1,2,2007,Urban,Good,Yes,761137
2181,1271,1,1,1,2005,Suburban,Excellent,Yes,597537
2182,1771,1,1,2,1969,Rural,Fair,Yes,532859
2183,4326,5,3,1,1983,Urban,Fair,Yes,1248809
2184,1543,2,1,1,1959,Downtown,Excellent,No,634112
2185,2049,2,1,1,1971,Urban,Fair,Yes,647799
2186,4337,4,3,2,1954,Rural,Good,Yes,1190561
2187,3139,5,4,2,1993,Downtown,Good,Yes,1220050
2188,4559,4,3,2,1958,Rural,Good,No,1101501
2189,4860,4,2,2,1992,Rural,Fair,No,1136358
2190,2961,3,1,1,1953,Downtown,Excellent,No,973688
2191,4252,5,4,2,1991,Urban,Fair,No,1304996
2192,4270,5,3,3,2014,Urban,Good,No,1236009
2193,2353,3,2,3,1990,Urban,Poor,No,724694
2194,2952,4,2,2,2013,Urban,Excellent,Yes,1094243
2195,2538,1,1,2,2004,Suburban,Fair,Yes,675453
2196,970,1,1,2,1967,Suburban,Good,No,437598
2197,2531,3,2,1,1965,Rural,Fair,Yes,652001
2198,1024,1,1,1,1995,Urban,Good,No,464986
2199,1494,1,1,1,1985,Suburban,Good,No,507762
2200,1197,3,2,1,2015,Suburban,Fair,Yes,556548
2201,3662,3,2,2,1993,Urban,Fair,No,1006630
2202,2936,3,2,3,1954,Urban,Good,No,933855
2203,2287,2,2,2,1978,Suburban,Fair,No,742947
2204,1172,2,1,2,1953,Rural,Excellent,Yes,551369
2205,2690,2,1,2,1998,Urban,Fair,Yes,909560
2206,4269,5,3,1,2021,Suburban,Good,No,1227740
2207,4872,5,3,1,1957,Rural,Excellent,Yes,1310069
2208,2233,3,1,2,2001,Downtown,Good,No,871810
2209,2117,2,1,2,2018,Urban,Fair,No,648452
2210,4893,5,3,3,1970,Suburban,Fair,No,1329746
2211,3257,3,2,2,1976,Downtown,Excellent,Yes,1130778
2212,4248,3,1,3,1987,Suburban,Good,No,1126337
2213,4188,4,2,2,1954,Downtown,Good,Yes,1288405
2214,2137,2,1,2,2010,Rural,Fair,Yes,594583
2215,3737,5,4,2,1957,Suburban,Poor,Yes,1016963
2216,697,1,1,1,1967,Downtown,Good,Yes,530956
2217,3815,3,2,1,1953,Downtown,Excellent,Yes,1235967
2218,4350,5,3,1,1953,Suburban,Fair,Yes,1276252
2219,3757,3,3,2,1986,Urban,Good,Yes,1161605
2220,943,1,1,2,1964,Suburban,Fair,Yes,435414
2221,1210,1,1,1,1987,Urban,Good,Yes,669938
2222,2327,3,1,2,1976,Downtown,Good,Yes,909161
2223,2890,3,1,1,1997,Urban,Good,No,925094
2224,2454,2,1,2,1995,Urban,Excellent,Yes,774142
2225,3208,4,3,2,1995,Urban,Good,Yes,1067334
2226,2679,2,1,2,1997,Suburban,Excellent,Yes,907738
2227,2924,2,2,2,2008,Suburban,Fair,Yes,830972
2228,1777,3,2,1,1953,Suburban,Excellent,Yes,738893
2229,1691,2,1,3,1968,Urban,Excellent,No,753475
2230,3391,5,4,1,2006,Urban,Fair,No,1119497
2231,2349,3,2,1,1968,Downtown,Good,No,857958
2232,3275,3,2,1,1991,Urban,Excellent,Yes,1018637
2233,1381,2,1,2,1954,Suburban,Poor,Yes,465770
2234,3648,3,2,2,1997,Suburban,Good,No,1013922
2235,2705,2,1,2,1974,Urban,Good,No,804291
2236,4467,4,2,2,2016,Suburban,Poor,No,1115794
2237,2713,4,3,1,1975,Downtown,Good,Yes,1005549
2238,4570,5,3,3,2023,Rural,Good,No,1238686
2239,2591,2,2,2,2011,Rural,Fair,No,680610
2240,1667,1,1,2,1956,Urban,Good,Yes,703204
2241,2177,2,1,2,1993,Suburban,Good,Yes,754273
2242,1611,1,1,1,1976,Suburban,Excellent,Yes,652299
2243,2874,4,2,1,1991,Urban,Good,Yes,1001244
2244,2414,2,1,2,2022,Rural,Good,No,643945
2245,3026,2,1,1,2005,Suburban,Good,No,905210
2246,3151,2,2,1,1952,Suburban,Good,Yes,1040957
2247,4257,5,2,3,1962,Suburban,Excellent,Yes,1238436
2248,607,1,1,2,2019,Downtown,Good,Yes,525585
2249,3155,4,2,2,2008,Downtown,Good,Yes,1099273
2250,1075,2,1,2,1987,Urban,Good,Yes,596778
2251,2811,4,3,3,2017,Downtown,Excellent,No,1123875
2252,1084,1,1,1,2018,Rural,Good,Yes,425168
2253,2885,1,1,3,1950,Urban,Poor,No,765091
2254,4125,5,4,2,1999,Rural,Good,Yes,1205226
2255,3939,5,4,1,2022,Suburban,Good,Yes,1282935
2256,3422,4,2,1,1958,Suburban,Fair,No,927365
2257,3524,2,2,2,2002,Downtown,Good,Yes,1129304
2258,858,1,1,2,1959,Urban,Fair,Yes,421850
2259,882,1,1,1,1978,Urban,Good,Yes,507554
2260,2498,2,1,2,1985,Rural,Fair,Yes,627972
2261,4735,3,2,2,1976,Rural,Fair,Yes,1180019
2262,3576,4,3,2,1967,Urban,Poor,Yes,1057173
2263,2867,2,1,3,1967,Urban,Good,Yes,922908
2264,3800,5,3,3,1958,Suburban,Fair,Yes,1087677
2265,1212,1,1,2,2016,Urban,Excellent,Yes,739051
2266,1287,2,1,3,1956,Suburban,Poor,Yes,436529
2267,4290,4,3,1,2007,Suburban,Excellent,Yes,1251840
2268,1212,1,1,1,1979,Suburban,Good,Yes,494958
2269,2907,2,2,2,2022,Suburban,Excellent,Yes,1021206
2270,3613,3,2,2,2010,Suburban,Fair,No,1051891
2271,2381,3,2,2,1966,Urban,Fair,No,819802
2272,3191,4,2,2,2002,Suburban,Good,Yes,956608
2273,3296,3,2,1,1955,Rural,Good,Yes,879375
2274,4558,5,4,1,1988,Downtown,Good,Yes,1401876
2275,1174,2,2,3,1974,Urban,Poor,Yes,545468
2276,2510,4,3,3,1991,Downtown,Good,No,979060
2277,4204,5,3,2,1991,Suburban,Fair,No,1193472
2278,1269,1,1,2,2008,Downtown,Good,Yes,648572
2279,4964,5,3,2,1987,Suburban,Good,Yes,1342804
2280,1883,2,2,1,1980,Urban,Good,No,757710
2281,1523,2,2,2,1978,Suburban,Excellent,Yes,689129
2282,1725,1,2,2,1958,Urban,Fair,No,627732
2283,2129,2,1,2,1950,Urban,Good,Yes,695034
2284,2194,2,1,1,2021,Urban,Fair,No,676351
2285,846,1,1,3,1996,Urban,Fair,Yes,428564
2286,4311,5,4,3,1959,Suburban,Good,Yes,1238354
2287,2160,3,2,1,1965,Suburban,Good,Yes,719881
2288,3000,3,3,2,1996,Urban,Excellent,No,1009711
2289,2843,3,2,3,1992,Urban,Good,Yes,977890
2290,4464,4,2,1,1973,Downtown,Fair,No,1191406
2291,2539,5,4,2,1957,Suburban,Fair,No,809585
2292,3669,4,2,2,1975,Urban,Good,No,1105793
2293,826,1,1,2,1956,Rural,Good,Yes,451156
2294,4147,5,3,3,1964,Suburban,Fair,Yes,1196550
2295,864,2,1,2,1997,Suburban,Good,Yes,520049
2296,1995,3,2,1,1952,Downtown,Excellent,Yes,866735
2297,4157,5,4,1,1965,Downtown,Good,No,1205656
2298,1245,2,2,1,1963,Suburban,Good,Yes,542391
2299,3590,4,3,2,1952,Urban,Excellent,Yes,1132840
2300,2499,2,1,2,2022,Downtown,Good,No,947549
2301,3104,3,1,1,2019,Suburban,Poor,No,884626
2302,3372,3,2,2,1980,Urban,Fair,No,926387
2303,1754,3,2,2,1966,Urban,Good,Yes,740139
2304,1187,1,1,1,1998,Suburban,Good,No,424175
2305,2421,3,1,2,1952,Rural,Excellent,No,772856
2306,1585,2,2,2,2004,Urban,Excellent,Yes,830304
2307,4679,4,3,2,2021,Suburban,Fair,No,1269599
2308,3948,3,2,1,1989,Suburban,Good,No,1080915
2309,4431,4,3,2,2015,Rural,Good,Yes,1206008
2310,1841,2,1,3,1989,Downtown,Good,No,788984
2311,789,1,1,2,1979,Rural,Good,Yes,363301
2312,1580,1,1,2,1974,Urban,Good,Yes,620932
2313,2298,3,2,2,1956,Urban,Good,No,854679
2314,2315,2,1,1,1999,Urban,Poor,Yes,743110
2315,3193,4,2,2,1950,Urban,Good,No,961038
2316,4736,5,3,1,1993,Suburban,Fair,No,1324935
2317,1698,3,3,1,1998,Suburban,Good,No,648608
2318,2926,2,1,2,1956,Urban,Fair,No,901419
2319,3847,5,3,1,1952,Downtown,Good,Yes,1180908
2320,1495,1,1,2,1950,Urban,Fair,No,510046
2321,2274,1,2,1,2000,Urban,Fair,No,730673
2322,3509,4,2,1,1987,Urban,Fair,Yes,1062270
2323,1530,4,2,3,1992,Urban,Excellent,No,797994
2324,4984,5,3,3,2004,Downtown,Poor,No,1446226
2325,1323,2,2,1,2006,Urban,Good,Yes,672267
2326,3540,4,3,2,2002,Suburban,Poor,Yes,1025271
2327,1689,1,1,1,1982,Downtown,Good,No,647383
2328,1535,2,1,2,2011,Downtown,Good,No,750707
2329,2895,3,3,2,1960,Urban,Fair,Yes,899194
2330,755,2,1,1,2021,Urban,Fair,No,504318
2331,1670,2,1,2,2001,Suburban,Fair,No,635191
2332,2558,2,1,1,1950,Rural,Good,No,659775
2333,3101,2,2,1,1963,Suburban,Fair,No,833306
2334,4819,5,3,2,1970,Suburban,Good,No,1317300
2335,4430,5,3,2,1983,Urban,Fair,No,1240430
2336,1454,1,1,2,1963,Urban,Good,Yes,595134
2337,1239,2,1,2,1989,Suburban,Good,No,479376
2338,2838,3,2,2,1984,Rural,Poor,Yes,707173
2339,2202,3,2,2,1991,Rural,Excellent,Yes,789567
2340,1041,2,1,2,1969,Urban,Excellent,No,651204
2341,1936,2,1,2,2009,Urban,Fair,Yes,726743
2342,4300,4,3,2,1958,Urban,Good,Yes,1306510
2343,1548,1,1,2,1982,Downtown,Fair,No,535160
2344,3973,5,3,2,1998,Suburban,Good,No,1233139
2345,1059,1,1,2,2017,Urban,Fair,Yes,557433
2346,992,2,1,2,1953,Urban,Excellent,No,610839
2347,4538,5,2,2,1997,Suburban,Good,Yes,1201043
2348,2387,3,2,2,1965,Downtown,Excellent,No,924605
2349,2857,4,3,2,1996,Urban,Good,Yes,973460
2350,1738,1,1,3,1975,Downtown,Fair,No,689747
2351,4408,5,3,2,2019,Urban,Fair,No,1293071
2352,3054,2,1,3,1986,Downtown,Good,No,1030645
2353,2066,2,2,2,1971,Urban,Good,Yes,758004
2354,4274,5,3,3,1956,Suburban,Excellent,Yes,1338712
2355,1977,1,1,2,1991,Suburban,Excellent,Yes,735734
2356,3197,4,3,3,1979,Urban,Good,No,1101889
2357,741,1,1,1,2023,Suburban,Good,Yes,490133
2358,3259,4,4,1,1955,Urban,Fair,Yes,984506
2359,1439,1,1,2,1973,Suburban,Excellent,Yes,633758
2360,4218,4,3,3,2015,Urban,Poor,No,1106280
2361,4517,4,2,2,1989,Urban,Good,Yes,1353519
2362,1195,1,1,1,1964,Downtown,Fair,Yes,582900
2363,2504,1,1,2,2002,Downtown,Excellent,Yes,984128
2364,880,1,1,2,1954,Rural,Fair,Yes,362540
2365,1023,2,1,1,1985,Downtown,Excellent,No,651956
2366,4965,5,3,2,2023,Urban,Good,Yes,1395919
2367,4849,4,3,3,1995,Suburban,Poor,Yes,1296737
2368,2350,3,1,3,1972,Urban,Good,No,781330
2369,2567,3,3,1,1994,Rural,Fair,Yes,715409
2370,4688,5,3,1,1959,Rural,Fair,Yes,1204779
2371,4778,5,3,2,2003,Urban,Good,Yes,1386428
2372,3546,4,2,2,2019,Downtown,Fair,Yes,1163199
2373,2049,3,2,1,1981,Downtown,Good,Yes,886118
2374,2931,3,2,2,1992,Urban,Good,Yes,1012278
2375,2820,3,2,2,1964,Urban,Good,No,951153
2376,4389,5,2,3,2015,Urban,Good,No,1281461
2377,3410,2,1,3,1964,Suburban,Fair,No,862077
2378,2131,3,2,1,1969,Urban,Fair,Yes,764191
2379,3590,4,3,3,1999,Downtown,Fair,Yes,1125953
2380,1743,2,1,2,1955,Urban,Good,Yes,643604
2381,1533,1,1,2,1966,Suburban,Good,No,497275
2382,2060,2,1,2,1975,Urban,Poor,Yes,560864
2383,3323,3,2,2,1971,Urban,Good,No,976367
2384,3112,3,2,1,2022,Urban,Excellent,Yes,1085440
2385,885,1,2,2,2013,Urban,Excellent,Yes,631505
2386,864,1,1,1,2007,Urban,Poor,Yes,397571
2387,2967,3,1,2,1986,Rural,Good,Yes,801830
2388,4047,4,3,1,2021,Suburban,Excellent,No,1216649
2389,2362,3,2,1,1977,Suburban,Good,Yes,775039
2390,3648,5,4,2,1998,Rural,Excellent,No,1017452
2391,2981,3,2,2,2022,Suburban,Excellent,Yes,986764
2392,2869,2,2,2,2016,Suburban,Fair,Yes,875692
2393,640,1,1,1,2016,Urban,Good,Yes,484061
2394,667,1,1,3,1990,Urban,Poor,Yes,405988
2395,1587,2,2,2,1995,Downtown,Fair,No,709539
2396,4608,5,3,1,2004,Urban,Excellent,Yes,1436645
2397,3798,5,4,2,1960,Urban,Excellent,Yes,1278073
2398,3124,4,2,2,1975,Suburban,Excellent,No,986980
2399,1685,2,1,1,2021,Urban,Poor,Yes,579311
2400,3079,5,2,2,1962,Suburban,Excellent,No,1016620
2401,2293,2,1,3,1985,Suburban,Excellent,Yes,785883
2402,2915,3,1,2,2013,Downtown,Excellent,Yes,1125676
2403,1378,2,2,1,2000,Urban,Excellent,Yes,674567
2404,2185,3,3,3,1971,Downtown,Good,No,950066
2405,2092,1,1,1,2009,Downtown,Fair,No,719689
2406,1260,1,1,3,1951,Urban,Poor,Yes,525270
2407,1948,3,1,1,2005,Suburban,Poor,Yes,574818
2408,1899,1,1,2,1989,Urban,Good,Yes,783525
2409,4540,5,3,2,1977,Suburban,Good,No,1210058
2410,2586,3,2,1,1952,Rural,Good,Yes,745686
2411,2644,4,3,2,2012,Urban,Fair,No,851173
2412,4116,4,2,2,1972,Suburban,Excellent,Yes,1222110
2413,1658,2,2,1,2004,Downtown,Fair,Yes,716318
2414,1576,2,1,2,1981,Suburban,Good,Yes,517976
2415,1327,3,1,2,1977,Downtown,Good,No,680965
2416,3127,5,2,1,1957,Suburban,Poor,Yes,901858
2417,3736,5,4,3,1952,Urban,Good,Yes,1172233
2418,942,1,2,3,2002,Rural,Good,Yes,447680
2419,2047,4,3,1,1978,Urban,Good,Yes,830519
2420,2979,4,3,2,2008,Downtown,Excellent,Yes,1247809
2421,4259,4,2,1,1973,Urban,Fair,No,1147401
2422,1126,1,1,2,1987,Suburban,Excellent,Yes,550161
2423,2496,3,3,3,1977,Suburban,Excellent,Yes,885349
2424,2673,3,2,2,2011,Rural,Excellent,Yes,812370
2425,1005,1,1,3,2000,Suburban,Good,No,477799
2426,2173,2,1,2,1956,Suburban,Fair,No,630361
2427,4340,4,3,2,1972,Downtown,Good,Yes,1280148
2428,4874,5,3,3,1995,Downtown,Fair,No,1347184
2429,4827,5,3,2,1977,Rural,Poor,Yes,1198187
2430,2446,3,2,2,1973,Rural,Fair,Yes,749071
2431,2078,2,1,2,1956,Urban,Good,Yes,729516
2432,2995,4,3,1,1998,Suburban,Fair,Yes,955736
2433,1371,1,1,1,1952,Suburban,Excellent,Yes,570702
2434,1178,2,1,3,1951,Suburban,Good,Yes,653754
2435,3501,4,3,2,1956,Suburban,Fair,No,967052
2436,793,2,1,3,1970,Downtown,Excellent,Yes,713617
2437,2607,2,2,1,1958,Rural,Excellent,No,779549
2438,1785,2,1,2,1961,Urban,Fair,Yes,618176
2439,2994,3,3,3,1973,Urban,Fair,No,954972
2440,3598,3,1,1,1982,Urban,Good,Yes,1056237
2441,2392,3,2,1,1992,Suburban,Excellent,Yes,830350
2442,1710,3,3,2,1954,Suburban,Fair,No,613876
2443,4605,4,3,2,2020,Suburban,Good,Yes,1295082
2444,2861,3,2,1,1963,Suburban,Good,Yes,876108
2445,4336,4,2,3,1985,Suburban,Good,Yes,1224749
2446,4393,5,2,3,1984,Urban,Good,Yes,1305617
2447,2536,3,3,2,1999,Rural,Good,Yes,772889
2448,4957,5,3,2,1960,Downtown,Poor,No,1386479
2449,1329,1,1,3,1973,Suburban,Good,No,517151
2450,4978,5,3,2,1993,Downtown,Good,Yes,1508438
2451,4051,5,3,1,2000,Urban,Excellent,Yes,1309016
2452,2740,3,2,1,1966,Urban,Excellent,Yes,950245
2453,2244,3,1,1,2019,Rural,Poor,Yes,628734
2454,3400,3,2,1,1957,Downtown,Fair,Yes,1096231
2455,741,2,1,1,2023,Urban,Excellent,No,492001
2456,2055,4,4,2,1977,Suburban,Excellent,No,804043
2457,2696,3,3,1,1961,Downtown,Poor,Yes,863319
2458,1925,2,1,1,1992,Suburban,Good,No,609378
2459,1813,2,2,2,1986,Rural,Good,Yes,711702
2460,1759,1,1,1,2012,Suburban,Good,Yes,622457
2461,940,1,1,2,2012,Downtown,Good,No,597962
2462,4428,4,2,1,1959,Urban,Excellent,No,1255040
2463,2568,3,2,3,1986,Downtown,Fair,No,784538
2464,1303,1,1,3,1960,Downtown,Good,No,596261
2465,3029,3,2,2,1968,Downtown,Good,Yes,985991
2466,2400,1,1,2,2001,Rural,Good,No,672239
2467,1455,1,1,3,1967,Suburban,Good,No,525183
2468,2412,3,2,1,1981,Urban,Poor,Yes,726108
2469,3466,3,3,3,1972,Urban,Poor,Yes,994785
2470,4242,5,3,2,1961,Suburban,Good,Yes,1205861
2471,782,1,1,2,2007,Urban,Good,Yes,564068
2472,3712,4,2,2,1970,Rural,Poor,Yes,939964
2473,2117,2,1,2,1970,Downtown,Good,No,864594
2474,1956,2,1,2,1978,Rural,Good,Yes,651156
2475,2774,2,1,2,1996,Suburban,Good,Yes,877316
2476,4229,4,2,2,1961,Rural,Good,Yes,1129580
2477,4228,4,3,1,2007,Downtown,Good,No,1326665
2478,4696,5,3,2,1990,Downtown,Fair,Yes,1312766
2479,3839,4,3,2,1968,Urban,Good,No,1166836
2480,4291,4,2,1,1961,Rural,Fair,No,942345
2481,618,1,1,1,1972,Suburban,Good,Yes,306995
2482,4003,4,3,1,1954,Suburban,Good,Yes,1081905
2483,3604,4,2,2,1975,Downtown,Fair,No,1105409
2484,1732,3,2,2,2012,Urban,Poor,Yes,617606
2485,3939,3,2,1,2001,Urban,Fair,No,1097943
2486,3911,5,3,3,1959,Suburban,Good,Yes,1250786
2487,3972,4,3,2,1988,Urban,Fair,Yes,1156265
2488,1587,1,1,2,1972,Urban,Fair,Yes,596433
2489,3921,4,3,1,1960,Suburban,Good,Yes,1090273
2490,773,2,1,2,2021,Rural,Fair,Yes,331217
2491,4341,4,2,2,1997,Suburban,Good,No,1180279
2492,3652,4,1,3,1965,Suburban,Excellent,No,1052297
2493,1326,1,1,2,1995,Rural,Excellent,No,492790
2494,4360,4,4,2,1996,Downtown,Fair,Yes,1297822
2495,2475,3,2,3,1997,Downtown,Good,Yes,915530
2496,4633,5,3,1,2018,Suburban,Good,Yes,1325603
2497,1589,1,1,1,1974,Urban,Excellent,No,562647
2498,4344,5,4,2,1986,Urban,Good,Yes,1359978
2499,3286,2,1,1,2012,Urban,Good,Yes,922560
2500,1019,1,2,1,1978,Urban,Excellent,Yes,577614
2501,1193,2,1,2,2007,Urban,Poor,Yes,574718
2502,2374,4,3,1,1980,Urban,Good,Yes,934871
2503,3059,3,2,2,2017,Urban,Good,Yes,1025796
2504,1535,1,1,3,1990,Urban,Excellent,Yes,816603
2505,4408,5,3,1,1999,Rural,Excellent,Yes,1267345
2506,931,2,2,1,1993,Rural,Fair,Yes,446388
2507,4049,4,2,1,1958,Suburban,Fair,No,1008682
2508,3302,3,2,1,2008,Rural,Fair,No,713278
2509,4606,4,2,1,1976,Urban,Fair,Yes,1250438
2510,4468,4,2,1,2008,Suburban,Good,Yes,1261850
2511,4800,5,4,2,1952,Urban,Good,Yes,1411251
2512,801,1,1,1,1956,Suburban,Good,Yes,348403
2513,3097,3,2,2,1965,Downtown,Good,No,1147714
2514,2442,3,2,3,1998,Suburban,Poor,Yes,710850
2515,2466,2,3,2,1981,Downtown,Good,No,909153
2516,2596,2,2,2,1993,Urban,Excellent,No,928090
2517,1509,1,1,1,1968,Suburban,Good,Yes,591331
2518,4905,5,4,2,1952,Suburban,Fair,No,1246097
2519,3789,3,1,2,2009,Urban,Poor,Yes,1055647
2520,1370,2,2,1,1984,Suburban,Fair,Yes,615180
2521,3755,3,2,3,1978,Downtown,Good,Yes,1175847
2522,3101,2,1,1,2019,Suburban,Fair,No,812571
2523,3314,3,2,1,1994,Downtown,Excellent,Yes,1113047
2524,4185,5,3,3,1976,Suburban,Excellent,No,1278271
2525,2228,3,3,3,2018,Urban,Good,No,835038
2526,986,1,1,1,1984,Rural,Fair,Yes,382431
2527,4021,3,2,2,1968,Urban,Good,Yes,1140439
2528,4608,5,4,2,1966,Urban,Excellent,No,1383307
2529,4693,5,3,2,1984,Urban,Poor,No,1198296
2530,4963,5,4,1,1979,Urban,Excellent,No,1552585
2531,3066,3,2,2,1997,Downtown,Good,No,1039745
2532,2882,4,3,3,2006,Suburban,Good,No,911883
2533,2456,3,2,1,1966,Urban,Good,No,833432
2534,2598,3,2,3,1964,Suburban,Good,Yes,784272
2535,1836,1,1,3,1963,Downtown,Good,No,686083
2536,4744,5,3,1,1963,Downtown,Good,No,1398840
2537,1750,3,2,2,1994,Suburban,Poor,Yes,637559
2538,4918,5,4,1,1987,Rural,Fair,Yes,1299561
2539,2031,3,2,2,2012,Urban,Fair,No,805075
2540,2419,3,2,2,1960,Downtown,Good,Yes,911085
2541,2924,2,1,1,1997,Downtown,Good,Yes,1019090
2542,1730,2,1,2,1975,Rural,Good,Yes,610447
2543,3258,4,2,3,2016,Suburban,Fair,Yes,1042791
2544,4100,5,3,2,1974,Rural,Poor,No,938168
2545,974,1,1,1,2010,Downtown,Poor,Yes,512866
2546,2720,2,1,1,1975,Rural,Poor,Yes,629390
2547,4620,4,2,2,1983,Suburban,Poor,Yes,1222415
2548,2621,2,1,3,1958,Rural,Excellent,Yes,804514
2549,4305,4,3,3,1989,Downtown,Good,Yes,1339671
2550,3859,4,3,2,1956,Suburban,Excellent,Yes,1168025
2551,4035,3,2,2,1979,Suburban,Poor,Yes,1007551
2552,2489,3,2,1,2015,Suburban,Excellent,Yes,920807
2553,2423,2,2,1,1979,Urban,Good,No,812395
2554,2074,1,1,2,2017,Suburban,Good,Yes,706564
2555,2842,3,2,2,2007,Rural,Good,Yes,842656
2556,3843,5,4,2,2004,Suburban,Good,Yes,1166876
2557,3734,5,3,3,1963,Suburban,Excellent,No,1237750
2558,2670,3,2,2,1986,Suburban,Good,Yes,865159
2559,959,2,2,2,1993,Suburban,Good,Yes,549754
2560,2641,2,2,1,1955,Urban,Poor,Yes,771565
2561,1741,3,2,3,1975,Urban,Fair,Yes,723642
2562,2235,1,1,2,1963,Suburban,Excellent,Yes,738810
2563,4600,4,3,3,1957,Downtown,Good,Yes,1411708
2564,2543,3,2,2,1973,Suburban,Good,Yes,907396
2565,3961,3,2,2,1988,Suburban,Good,Yes,1148444
2566,3580,3,2,2,1998,Suburban,Good,Yes,1075625
2567,606,1,1,1,2012,Rural,Fair,Yes,333987
2568,3867,4,3,2,1975,Urban,Poor,Yes,1092612
2569,2191,3,2,3,1959,Downtown,Good,Yes,878559
2570,3864,4,3,1,2007,Urban,Good,No,1252435
2571,3206,3,2,1,1963,Rural,Good,Yes,941156
2572,3819,2,1,2,2022,Rural,Good,Yes,979070
2573,3873,4,2,1,2020,Urban,Good,Yes,1243067
2574,1513,2,2,2,1988,Downtown,Excellent,Yes,828192
2575,2611,2,1,2,1980,Urban,Poor,Yes,767379
2576,2042,2,1,1,1999,Suburban,Poor,Yes,675272
2577,3654,4,2,3,1965,Suburban,Excellent,No,1114995
2578,4146,5,3,2,2021,Suburban,Good,No,1234826
2579,4821,5,4,3,2000,Suburban,Good,No,1389388
2580,3528,3,1,2,1964,Suburban,Poor,No,805027
2581,2429,2,2,3,1987,Urban,Excellent,Yes,943110
2582,1175,2,1,1,2020,Urban,Good,Yes,552578
2583,1529,2,1,1,2021,Suburban,Good,Yes,657564
2584,4359,5,3,1,1970,Suburban,Excellent,Yes,1323861
2585,4299,5,3,2,1965,Downtown,Good,No,1366960
2586,2063,1,1,3,2016,Urban,Good,No,770915
2587,3875,5,3,2,2014,Suburban,Good,No,1283219
2588,1654,1,1,3,1962,Downtown,Good,Yes,652641
2589,2500,4,2,1,2013,Suburban,Good,No,846189
2590,2057,1,1,1,2010,Suburban,Good,Yes,738760
2591,1999,2,1,3,1981,Downtown,Fair,No,790578
2592,4015,5,3,2,1961,Suburban,Excellent,Yes,1217319
2593,1042,2,1,2,1990,Downtown,Good,Yes,693151
2594,4250,4,2,1,2015,Urban,Fair,Yes,1141633
2595,1778,2,1,3,1957,Urban,Good,No,631645
2596,1857,2,2,2,2008,Suburban,Excellent,No,761361
2597,4234,5,2,2,1974,Suburban,Good,Yes,1225299
2598,2441,2,1,1,1954,Downtown,Fair,Yes,859436
2599,2909,3,2,2,1994,Suburban,Poor,No,833709
2600,1510,3,2,3,1951,Downtown,Fair,No,653502
2601,4940,4,2,3,1991,Suburban,Fair,No,1316380
2602,4609,4,2,1,1987,Urban,Excellent,Yes,1384901
2603,2769,3,1,1,1952,Suburban,Fair,Yes,817214
2604,2772,2,1,2,1995,Urban,Excellent,No,965151
2605,723,1,1,1,1971,Downtown,Poor,Yes,410685
2606,3758,5,3,2,1982,Urban,Excellent,Yes,1307937
2607,1385,1,1,1,1981,Downtown,Fair,Yes,618021
2608,3016,3,2,1,1966,Rural,Good,Yes,880377
2609,1396,2,1,2,2005,Downtown,Fair,No,700045
2610,4772,5,3,2,1952,Urban,Good,Yes,1361178
2611,4754,5,4,2,2019,Urban,Poor,Yes,1387969
2612,2536,2,1,3,1998,Suburban,Good,Yes,812551
2613,2756,3,2,1,2004,Suburban,Good,Yes,872874
2614,4407,4,3,2,1980,Urban,Excellent,No,1318448
2615,1901,2,1,1,1970,Downtown,Fair,No,681227
2616,4763,5,3,2,1965,Suburban,Fair,Yes,1295788
2617,3740,4,3,1,1966,Downtown,Fair,Yes,1102753
2618,3836,4,3,1,1950,Suburban,Good,Yes,1122996
2619,2952,5,4,1,2021,Suburban,Fair,No,952869
2620,2532,3,2,1,2014,Urban,Fair,No,740692
2621,3321,3,2,3,2015,Urban,Good,Yes,1105649
2622,964,1,1,2,1986,Downtown,Poor,No,522580
2623,2990,3,2,3,1973,Suburban,Good,Yes,988617
2624,1546,1,1,2,2011,Suburban,Fair,Yes,562817
2625,1977,4,2,1,1970,Urban,Good,No,744488
2626,2039,2,2,1,1986,Urban,Excellent,Yes,867003
2627,3780,4,2,1,1984,Suburban,Fair,No,989969
2628,940,1,1,1,1987,Urban,Fair,Yes,463390
2629,3589,3,2,2,2002,Downtown,Excellent,No,1311845
2630,982,1,1,2,1964,Urban,Good,No,550489
2631,2156,2,2,2,1991,Suburban,Good,Yes,750610
2632,899,2,2,1,1953,Urban,Good,Yes,559695
2633,738,1,1,1,1988,Downtown,Fair,No,525569
2634,958,2,2,1,1972,Suburban,Excellent,No,551984
2635,2122,2,1,1,1964,Urban,Good,Yes,693391
2636,4056,5,4,2,1961,Urban,Good,Yes,1278200
2637,2227,3,2,1,2019,Suburban,Excellent,Yes,858420
2638,1903,1,1,2,2003,Urban,Good,No,677826
2639,1734,2,1,2,1987,Suburban,Good,Yes,625136
2640,2786,2,1,1,1977,Urban,Excellent,No,851860
2641,3770,4,3,3,1968,Suburban,Fair,No,1020275
2642,4435,5,4,2,2018,Suburban,Fair,Yes,1315642
2643,2751,4,3,1,2013,Suburban,Fair,Yes,945171
2644,1837,2,2,3,1953,Suburban,Excellent,No,803446
2645,4335,5,4,1,1959,Urban,Good,Yes,1276131
2646,3434,4,1,1,1961,Downtown,Fair,Yes,1013679
2647,4860,5,4,2,2018,Downtown,Fair,No,1475045
2648,1598,1,1,2,1956,Rural,Poor,Yes,339569
2649,3167,3,2,1,1993,Rural,Fair,Yes,751171
2650,1907,2,1,1,1972,Downtown,Excellent,No,832843
2651,1256,1,1,3,1951,Urban,Good,Yes,532109
2652,3260,3,2,1,1986,Downtown,Excellent,Yes,1111269
2653,2811,4,3,1,2018,Rural,Good,Yes,924918
2654,2509,3,2,2,1969,Urban,Good,Yes,887037
2655,4330,5,4,3,1993,Urban,Good,No,1308935
2656,2646,2,2,1,2019,Downtown,Excellent,No,935078
2657,3762,4,2,2,2023,Urban,Excellent,No,1190094
2658,1740,2,1,2,2000,Urban,Excellent,Yes,755555
2659,866,1,1,2,1980,Urban,Good,Yes,492762
2660,2445,3,2,2,1990,Urban,Poor,Yes,816977
2661,2308,3,2,3,2007,Urban,Good,No,873483
2662,4230,4,2,1,1954,Downtown,Poor,Yes,1152692
2663,3811,5,4,1,1982,Urban,Fair,Yes,1176457
2664,2893,2,1,3,1992,Rural,Fair,Yes,849799
2665,4332,5,4,2,1968,Suburban,Good,No,1251585
2666,4429,4,2,2,1981,Suburban,Good,Yes,1292485
2667,2110,3,1,2,1952,Urban,Good,Yes,747911
2668,1075,1,1,2,1950,Suburban,Good,No,430249
2669,1576,2,1,2,1990,Urban,Poor,Yes,564268
2670,1807,3,2,3,1997,Downtown,Good,Yes,870100
2671,2560,2,1,2,1988,Urban,Good,Yes,880896
2672,1157,3,3,1,1954,Downtown,Poor,Yes,612358
2673,1482,2,2,2,1960,Downtown,Good,Yes,612572
2674,2794,4,2,2,1971,Downtown,Good,No,950909
2675,3267,4,4,2,2013,Urban,Good,No,1109758
2676,2210,3,2,2,1961,Urban,Good,Yes,905297
2677,4088,3,2,1,2002,Suburban,Good,Yes,1115824
2678,3054,3,1,2,2004,Suburban,Poor,Yes,942267
2679,2546,4,3,2,2002,Rural,Good,Yes,788262
2680,3408,3,2,2,1970,Downtown,Good,Yes,1121502
2681,4425,5,3,2,1968,Urban,Fair,Yes,1257717
2682,4136,3,2,1,2018,Rural,Good,No,1033717
2683,4402,4,3,2,2021,Urban,Good,Yes,1368292
2684,4777,5,3,2,2015,Suburban,Fair,No,1281584
2685,2570,2,1,2,2008,Urban,Good,Yes,810000
2686,4422,5,4,2,1998,Urban,Good,No,1238636
2687,3419,4,2,2,2008,Downtown,Fair,Yes,1075062
2688,1502,1,1,1,1972,Rural,Good,Yes,515043
2689,964,1,1,2,1952,Downtown,Good,No,520970
2690,4858,5,4,1,2005,Urban,Fair,Yes,1430065
2691,3719,4,3,2,2007,Suburban,Excellent,Yes,1192816
2692,3158,4,2,1,2011,Urban,Excellent,Yes,1124602
2693,2463,2,1,1,1967,Rural,Excellent,Yes,816059
2694,715,2,2,2,2010,Downtown,Good,No,574869
2695,2984,3,2,2,1986,Suburban,Excellent,No,1048797
2696,4535,4,3,2,2003,Urban,Excellent,No,1392602
2697,3090,4,2,2,2014,Downtown,Excellent,Yes,1134622
2698,1542,2,1,2,1963,Suburban,Excellent,Yes,605079
2699,2324,1,1,2,1954,Urban,Good,Yes,693536
2700,2934,2,1,2,2011,Suburban,Fair,Yes,849298
2701,3367,3,2,2,1950,Rural,Fair,Yes,782551
2702,1737,1,1,2,2012,Urban,Good,Yes,778659
2703,3127,5,3,2,2016,Suburban,Excellent,Yes,1226349
2704,4717,5,4,3,1969,Suburban,Good,Yes,1284706
2705,4020,4,3,1,1992,Suburban,Good,No,1143703
2706,4506,5,3,3,1991,Rural,Good,No,1121168
2707,4237,4,2,1,2018,Urban,Fair,No,1204629
2708,3553,2,2,1,2023,Suburban,Poor,No,936811
2709,2967,2,1,1,1988,Urban,Good,No,884075
2710,4821,5,3,2,2011,Suburban,Good,Yes,1388194
2711,876,2,2,1,1997,Urban,Excellent,No,557329
2712,2599,2,1,3,1955,Rural,Good,Yes,735036
2713,1827,3,1,3,2023,Rural,Excellent,Yes,768168
2714,4352,5,3,2,1991,Suburban,Fair,No,1177552
2715,4335,5,4,2,2007,Urban,Good,No,1373545
2716,1295,1,1,3,1992,Suburban,Fair,Yes,484304
2717,1909,1,1,3,1959,Urban,Fair,Yes,636475
2718,4752,5,3,2,1988,Downtown,Excellent,No,1384523
2719,3834,3,3,2,1962,Urban,Excellent,Yes,1308972
2720,4714,5,3,2,1988,Urban,Poor,Yes,1195803
2721,2911,3,2,2,1960,Urban,Fair,No,915137
2722,3441,3,2,1,1965,Urban,Fair,No,971541
2723,4808,5,4,2,1982,Downtown,Fair,Yes,1429427
2724,4159,4,3,1,2009,Urban,Good,Yes,1217515
2725,3998,4,2,2,2008,Urban,Good,Yes,1199142
2726,1141,1,1,2,2023,Urban,Good,Yes,580518
2727,3294,5,3,3,2000,Urban,Fair,Yes,1074320
2728,1688,1,1,3,1964,Suburban,Fair,Yes,468537
2729,3963,4,3,2,1992,Urban,Good,Yes,1248090
2730,624,1,1,2,1976,Rural,Good,No,336971
2731,2172,2,2,1,2005,Urban,Excellent,No,817913
2732,3558,3,2,2,2009,Downtown,Fair,No,1084387
2733,4836,5,4,1,2019,Urban,Good,No,1432284
2734,2367,3,2,1,1996,Suburban,Fair,Yes,702826
2735,2835,2,1,2,1957,Downtown,Poor,Yes,770614
2736,800,1,1,1,2012,Rural,Fair,Yes,341119
2737,3798,5,3,1,1956,Urban,Excellent,Yes,1218962
2738,856,1,1,3,1951,Suburban,Excellent,Yes,490052
2739,4347,5,4,1,1966,Rural,Fair,Yes,1162988
2740,2841,4,2,1,1953,Urban,Good,Yes,926347
2741,3775,3,3,1,1975,Rural,Fair,Yes,979502
2742,4206,5,2,1,2021,Rural,Fair,Yes,1192323
2743,3936,5,4,1,2018,Rural,Good,Yes,1248450
2744,1013,1,1,2,1954,Suburban,Good,No,469734
2745,2614,2,1,1,1954,Urban,Good,No,682819
2746,1981,2,1,3,2018,Urban,Excellent,Yes,880697
2747,1698,1,1,1,1952,Urban,Good,No,660803
2748,4026,4,2,2,1987,Rural,Fair,Yes,1049272
2749,4255,4,2,2,1950,Urban,Good,No,1153207
2750,1509,2,1,2,1957,Downtown,Fair,No,594664
2751,787,1,1,2,1962,Suburban,Good,No,451127
2752,4644,5,3,3,2019,Urban,Good,No,1354853
2753,4356,5,3,1,1999,Suburban,Excellent,No,1245665
2754,2615,2,1,2,1957,Rural,Excellent,Yes,753336
2755,2692,3,2,3,1979,Suburban,Excellent,No,918269
2756,4244,5,2,1,1989,Suburban,Good,No,1167279
2757,2730,4,3,1,2023,Suburban,Good,Yes,882612
2758,957,1,2,1,1982,Suburban,Good,No,431961
2759,3022,3,1,2,2022,Downtown,Poor,No,1011634
2760,4857,5,4,1,2001,Urban,Fair,Yes,1388300
2761,2097,2,1,1,1982,Downtown,Fair,No,755676
2762,2758,3,2,2,2022,Suburban,Good,Yes,860511
2763,3155,3,2,2,1986,Suburban,Excellent,Yes,1057199
2764,2942,3,2,1,2019,Urban,Fair,No,973660
2765,3551,4,3,1,2018,Suburban,Good,Yes,1117046
2766,1838,3,1,2,1953,Urban,Good,No,634302
2767,1573,2,2,3,2009,Urban,Excellent,Yes,819977
2768,4565,5,3,2,2023,Urban,Good,Yes,1424098
2769,1650,2,1,2,1980,Suburban,Excellent,No,627230
2770,4301,5,3,2,1963,Suburban,Fair,No,1200832
2771,3380,4,2,1,2009,Urban,Excellent,Yes,1171754
2772,2188,1,1,2,2017,Suburban,Good,Yes,647057
2773,4478,5,3,3,1975,Urban,Good,No,1284221
2774,2968,3,2,2,1973,Rural,Fair,No,751496
2775,1036,1,1,3,2005,Urban,Good,Yes,575843
2776,3428,2,1,3,1958,Rural,Excellent,Yes,948780
2777,2156,2,1,1,1984,Suburban,Good,No,716281
2778,4458,4,3,1,1973,Suburban,Good,Yes,1269376
2779,1904,1,1,1,1980,Suburban,Good,No,675441
2780,2984,3,2,2,2015,Urban,Good,Yes,1025533
2781,782,1,1,1,2015,Suburban,Good,Yes,526357
2782,2189,2,1,3,1990,Urban,Good,Yes,848865
2783,2187,2,1,1,1985,Urban,Excellent,No,852552
2784,1259,3,1,1,1983,Suburban,Excellent,Yes,708789
2785,759,1,1,1,1988,Urban,Excellent,Yes,527516
2786,4553,4,2,3,1972,Downtown,Good,No,1328373
2787,1611,2,2,2,1993,Rural,Good,Yes,495087
2788,652,2,1,3,2019,Rural,Good,Yes,476996
2789,2907,4,3,3,2007,Suburban,Good,Yes,1050369
2790,1828,1,1,2,2008,Suburban,Poor,Yes,568989
2791,1635,1,1,1,1975,Rural,Excellent,Yes,609566
2792,4302,4,2,1,1971,Suburban,Fair,Yes,1177818
2793,4645,5,3,1,1989,Rural,Good,Yes,1239340
2794,1864,2,3,2,1960,Urban,Excellent,Yes,829694
2795,2484,3,2,1,1958,Suburban,Excellent,No,828699
2796,2409,3,2,1,1961,Downtown,Good,Yes,898559
2797,3767,5,4,2,1975,Suburban,Poor,No,1005579
2798,4397,4,2,2,1987,Suburban,Good,Yes,1162744
2799,2941,2,2,2,1952,Urban,Fair,No,778007
2800,4014,3,2,2,1964,Suburban,Excellent,Yes,1164270
2801,1417,1,1,3,1996,Rural,Fair,No,385802
2802,3037,2,3,2,1954,Rural,Excellent,Yes,859743
2803,1488,2,1,1,2003,Downtown,Excellent,Yes,741478
2804,1267,1,1,2,1973,Suburban,Excellent,Yes,576277
2805,3224,4,3,3,1960,Urban,Poor,No,988817
2806,4832,4,3,1,1982,Suburban,Poor,No,1078022
2807,1418,2,1,2,2023,Urban,Good,Yes,679524
2808,2788,3,3,2,2006,Downtown,Excellent,Yes,1066780
2809,1706,3,2,1,2001,Downtown,Excellent,No,829887
2810,2824,2,2,3,2013,Urban,Fair,Yes,888015
2811,797,1,1,1,1992,Suburban,Good,No,399812
2812,3271,3,2,2,1993,Downtown,Good,Yes,1035208
2813,4092,4,3,2,1985,Suburban,Good,Yes,1208248
2814,3048,3,2,2,1961,Rural,Good,No,824032
2815,1070,1,1,1,2005,Suburban,Good,No,476657
2816,2548,2,1,1,1952,Urban,Fair,Yes,804599
2817,4499,3,2,1,1999,Suburban,Fair,No,1063531
2818,2610,3,2,1,1978,Downtown,Good,Yes,905563
2819,4400,5,2,1,1965,Downtown,Good,Yes,1405483
2820,4718,5,3,3,1989,Rural,Fair,No,1221499
2821,4396,4,3,2,1976,Downtown,Fair,Yes,1211753
2822,4588,4,2,2,2019,Rural,Excellent,No,1235312
2823,834,1,1,2,1991,Downtown,Excellent,No,647138
2824,1528,2,2,2,2006,Downtown,Excellent,Yes,919024
2825,4207,4,3,3,1959,Downtown,Fair,Yes,1334053
2826,1122,2,2,1,1987,Suburban,Fair,Yes,478517
2827,4123,3,2,3,1957,Urban,Excellent,No,1206047
2828,2229,3,2,2,1967,Downtown,Fair,Yes,758079
2829,1916,2,2,3,1966,Suburban,Good,Yes,712705
2830,3457,3,2,2,2007,Rural,Fair,No,895174
2831,1724,1,1,2,2015,Suburban,Good,Yes,690024
2832,3187,3,3,1,1993,Downtown,Excellent,No,1022082
2833,1623,3,2,1,2023,Downtown,Excellent,Yes,828728
2834,1978,2,2,2,1958,Suburban,Excellent,Yes,747587
2835,3974,4,3,3,1997,Suburban,Excellent,No,1257561
2836,2119,2,2,2,1988,Rural,Good,Yes,661263
2837,826,2,2,1,1955,Suburban,Good,No,538130
2838,1491,2,1,3,1979,Downtown,Poor,Yes,579862
2839,4672,5,4,2,2023,Urban,Good,Yes,1407214
2840,2857,4,3,1,1967,Suburban,Fair,No,796904
2841,3388,4,2,1,1992,Urban,Excellent,No,1094239
2842,996,1,1,1,1982,Rural,Good,Yes,422812
2843,2678,2,1,3,2002,Urban,Good,Yes,915808
2844,3837,3,2,3,2005,Suburban,Good,Yes,1085748
2845,4493,4,2,1,1968,Urban,Good,No,1282491
2846,2605,3,3,1,2018,Downtown,Good,Yes,1071877
2847,2616,3,2,2,1975,Suburban,Excellent,No,851719
2848,3771,4,3,3,1978,Suburban,Good,Yes,1278354
2849,3268,3,1,2,1973,Downtown,Good,Yes,1015403
2850,2478,4,3,2,1955,Urban,Good,Yes,917447
2851,1796,2,1,1,2003,Suburban,Excellent,No,692110
2852,2372,3,3,2,1988,Suburban,Good,Yes,795527
2853,761,1,1,1,1953,Urban,Excellent,Yes,522311
2854,4576,5,3,3,2007,Suburban,Excellent,Yes,1395577
2855,2351,3,1,2,1997,Urban,Fair,Yes,824789
2856,1375,1,1,3,2009,Suburban,Excellent,Yes,654483
2857,1539,3,3,2,1975,Suburban,Excellent,Yes,776966
2858,3820,3,2,3,1989,Downtown,Good,No,1209982
2859,1139,1,1,1,2005,Suburban,Good,Yes,472888
2860,2061,3,1,2,1988,Urban,Excellent,Yes,841050
2861,955,1,1,2,1988,Downtown,Poor,No,422222
2862,4204,5,4,1,1997,Urban,Excellent,No,1405713
2863,3923,4,2,3,1974,Urban,Good,Yes,1235144
2864,834,2,2,2,1983,Suburban,Excellent,No,547196
2865,2148,1,1,2,1970,Downtown,Good,Yes,823451
2866,2696,2,2,3,1974,Suburban,Good,Yes,854004
2867,4813,5,3,3,1971,Downtown,Excellent,No,1496164
2868,2701,2,1,2,1972,Downtown,Good,No,862735
2869,2273,2,1,3,1974,Urban,Good,No,744058
2870,2700,4,2,1,1975,Urban,Good,No,929515
2871,4257,5,4,1,1979,Rural,Good,No,1096730
2872,4196,4,2,2,1987,Suburban,Good,Yes,1157062
2873,4348,4,3,2,1983,Urban,Fair,Yes,1225224
2874,3773,4,2,2,2022,Rural,Good,No,967269
2875,2415,3,1,1,1964,Urban,Fair,No,784716
2876,4441,4,3,2,1993,Urban,Good,Yes,1340754
2877,2605,3,2,3,1959,Urban,Good,Yes,926858
2878,1274,2,1,2,1986,Rural,Good,Yes,481766
2879,986,1,1,3,1956,Suburban,Fair,No,445338
2880,2758,3,2,2,1981,Suburban,Poor,Yes,807982
2881,3261,4,3,1,1960,Suburban,Good,No,1009231
2882,2664,3,2,1,1997,Suburban,Good,Yes,917857
2883,4451,5,4,1,2017,Suburban,Good,Yes,1296907
2884,3853,3,2,3,1997,Downtown,Fair,Yes,1140907
2885,4866,5,4,1,1994,Downtown,Good,Yes,1440403
2886,1339,1,1,1,1982,Urban,Excellent,Yes,647627
2887,2001,1,1,3,1953,Rural,Good,Yes,470179
2888,3859,3,2,2,1996,Suburban,Poor,No,922811
2889,2877,1,1,1,2002,Suburban,Good,Yes,805182
2890,4504,5,3,1,1980,Downtown,Excellent,No,1381830
2891,4523,4,3,3,1980,Urban,Good,Yes,1357099
2892,4814,5,3,3,1976,Suburban,Fair,No,1209171
2893,3827,5,3,1,1997,Urban,Excellent,No,1162698
2894,3431,3,1,2,1985,Suburban,Good,Yes,920118
2895,4358,5,4,3,1998,Downtown,Good,Yes,1448669
2896,3112,4,2,2,1980,Suburban,Fair,No,871039
2897,2751,2,1,3,1993,Suburban,Fair,Yes,785711
2898,4275,4,2,2,2008,Suburban,Good,Yes,1299643
2899,3345,3,2,3,1972,Urban,Fair,Yes,1025219
2900,4466,5,3,1,2017,Suburban,Poor,Yes,1166340
2901,4364,4,3,1,1991,Urban,Excellent,No,1242765
2902,2822,3,3,2,1991,Rural,Poor,No,811588
2903,3392,3,2,2,1962,Suburban,Good,Yes,1001448
2904,2297,3,2,3,1950,Downtown,Good,Yes,883356
2905,4062,5,4,1,2002,Suburban,Excellent,Yes,1302515
2906,4663,5,4,3,1989,Suburban,Excellent,Yes,1405047
2907,2124,3,2,1,1995,Suburban,Good,No,757078
2908,632,1,1,2,1971,Downtown,Good,Yes,443484
2909,4625,5,4,1,2001,Urban,Good,No,1333896
2910,3166,3,2,2,1977,Rural,Fair,Yes,794110
2911,3403,4,2,2,2002,Rural,Good,No,946202
2912,4496,5,3,2,2012,Urban,Excellent,Yes,1382442
2913,4309,2,1,1,1966,Downtown,Fair,No,1096812
2914,1319,1,1,2,2013,Urban,Excellent,Yes,657802
2915,1572,2,1,3,1955,Urban,Fair,Yes,624687
2916,4318,5,3,1,1963,Urban,Good,No,1223686
2917,2807,2,1,1,1966,Urban,Good,Yes,825225
2918,4920,5,2,1,1987,Suburban,Good,Yes,1354222
2919,3630,4,1,3,2018,Downtown,Fair,Yes,1257205
2920,4175,4,3,2,1962,Suburban,Fair,No,1084491
2921,3716,4,3,1,2002,Suburban,Good,Yes,1178273
2922,3885,5,4,2,1958,Suburban,Fair,Yes,1058948
2923,1243,1,1,2,1993,Suburban,Good,No,472175
2924,794,1,1,1,1975,Suburban,Fair,Yes,436419
2925,4596,5,3,3,1968,Suburban,Fair,No,1236400
2926,1088,1,1,2,1997,Suburban,Good,No,448933
2927,2804,2,2,2,1979,Downtown,Poor,No,880990
2928,3257,4,3,2,1981,Downtown,Good,Yes,1095290
2929,3876,3,2,3,2018,Suburban,Good,Yes,1145794
2930,1702,1,1,1,1960,Suburban,Excellent,Yes,685509
2931,1841,1,1,1,1975,Rural,Fair,Yes,518244
2932,1115,1,1,1,1975,Urban,Good,Yes,650451
2933,992,1,1,2,1966,Downtown,Good,Yes,556699
2934,1230,1,1,2,1993,Urban,Poor,Yes,520344
2935,4316,4,2,2,1972,Urban,Good,No,1252749
2936,2447,2,2,1,1974,Urban,Good,Yes,823228
2937,3255,4,3,2,1986,Suburban,Fair,No,908748
2938,1579,1,1,2,2014,Suburban,Excellent,Yes,733758
2939,4002,4,2,2,1951,Downtown,Good,Yes,1209477
2940,4471,5,4,3,2023,Suburban,Fair,Yes,1336150
2941,877,1,1,1,1981,Suburban,Fair,Yes,417840
2942,832,2,2,2,2023,Suburban,Good,Yes,546627
2943,2152,1,1,1,2004,Suburban,Fair,Yes,714671
2944,3870,3,2,2,1999,Suburban,Fair,Yes,1075731
2945,3009,4,3,3,2014,Urban,Good,Yes,1107318
2946,4112,5,4,3,1981,Suburban,Poor,No,1138257
2947,625,1,1,1,1986,Suburban,Good,Yes,409654
2948,1060,1,1,2,1962,Urban,Fair,Yes,464154
2949,4364,5,3,1,2003,Urban,Fair,Yes,1267514
2950,4031,3,2,3,1952,Urban,Poor,Yes,1093230
2951,4083,5,3,2,1991,Downtown,Good,No,1317393
2952,2594,1,1,2,1989,Suburban,Good,Yes,814912
2953,1090,1,1,1,2023,Urban,Good,Yes,743631
2954,1672,1,1,3,2015,Downtown,Excellent,Yes,802023
2955,3773,4,2,2,2009,Urban,Fair,No,1022840
2956,815,1,1,1,1960,Downtown,Fair,No,425866
2957,2323,3,2,2,1950,Suburban,Good,Yes,766734
2958,2192,2,2,1,1975,Suburban,Fair,Yes,706558
2959,3206,4,3,2,1991,Urban,Poor,Yes,969606
2960,758,1,1,3,2011,Rural,Fair,Yes,395017
2961,3913,4,3,3,2010,Urban,Good,No,1173373
2962,3441,3,1,2,2011,Suburban,Good,Yes,1045430
2963,2376,3,1,3,2023,Suburban,Excellent,No,807193
2964,2652,3,1,2,1961,Urban,Good,Yes,880733
2965,2895,4,1,1,1976,Rural,Good,No,760176
2966,2296,4,3,3,2016,Suburban,Good,No,847630
2967,3593,5,3,1,1977,Rural,Fair,No,856348
2968,3069,3,1,1,2015,Urban,Fair,Yes,977542
2969,2546,3,2,3,1977,Suburban,Excellent,Yes,904787
2970,4409,5,3,1,1970,Suburban,Fair,Yes,1193659
2971,3383,4,3,2,1956,Rural,Poor,No,847714
2972,4244,5,4,3,1963,Rural,Fair,No,1076300
2973,3100,2,1,2,1988,Rural,Poor,Yes,716622
2974,4245,5,4,1,2022,Suburban,Poor,Yes,1105018
2975,3245,3,3,2,2011,Downtown,Good,Yes,1122604
2976,2949,2,1,1,1961,Urban,Fair,Yes,912303
2977,2532,2,2,2,1987,Downtown,Good,Yes,947156
2978,3894,3,2,2,2007,Downtown,Excellent,No,1189178
2979,2357,2,1,2,2005,Urban,Good,Yes,854859
2980,1716,2,1,2,1988,Downtown,Good,No,785389
2981,3167,4,2,2,1953,Urban,Good,Yes,973952
2982,4099,5,4,2,1997,Rural,Poor,Yes,1071566
2983,1092,1,1,3,1956,Urban,Good,Yes,538822
2984,3906,3,2,1,2009,Downtown,Good,Yes,1226229
2985,1219,1,1,3,1989,Suburban,Good,Yes,553791
2986,3832,4,2,2,1957,Suburban,Good,Yes,1124300
2987,4423,4,3,1,2007,Urban,Good,Yes,1299005
2988,2980,3,2,1,2006,Urban,Good,Yes,1042406
2989,2146,2,1,2,1984,Urban,Good,Yes,692390
2990,4163,4,3,2,2022,Urban,Good,Yes,1232629
2991,2205,2,1,1,1962,Downtown,Good,Yes,883026
2992,4352,5,3,3,1988,Suburban,Good,Yes,1261943
2993,2490,2,2,2,1970,Suburban,Poor,Yes,727686
2994,1875,1,1,3,1996,Suburban,Good,No,635087
2995,3343,4,3,1,1951,Urban,Excellent,Yes,1159835
2996,3093,3,2,1,1993,Urban,Fair,No,930348
2997,956,1,1,1,1979,Urban,Excellent,Yes,690207
2998,1469,1,1,1,2004,Urban,Good,Yes,626581
2999,1485,2,1,3,1989,Suburban,Good,Yes,607080
3000,2601,2,2,1,1973,Rural,Excellent,No,823250
3001,1883,1,1,2,1991,Downtown,Good,Yes,798799
3002,1219,1,2,1,1977,Rural,Excellent,Yes,484046
3003,1482,2,1,2,2000,Rural,Poor,Yes,489000
3004,1396,3,2,3,1971,Downtown,Fair,Yes,713228
3005,4242,5,3,2,2023,Downtown,Good,Yes,1391738
3006,4025,5,3,2,2023,Urban,Excellent,No,1332313
3007,1896,2,2,1,1957,Suburban,Excellent,Yes,763214
3008,844,1,1,3,1963,Downtown,Fair,No,490742
3009,3495,4,3,2,1994,Downtown,Fair,Yes,1135110
3010,1529,2,1,2,1987,Rural,Excellent,Yes,701305
3011,1119,1,1,2,1981,Downtown,Good,Yes,616558
3012,3812,3,2,3,2011,Urban,Good,No,1200234
3013,3009,3,1,2,2016,Suburban,Excellent,No,943462
3014,607,1,1,2,2010,Rural,Fair,Yes,280226
3015,3125,3,1,2,1962,Urban,Fair,Yes,962980
3016,4023,4,2,1,1996,Downtown,Excellent,Yes,1307939
3017,2619,3,2,2,2003,Suburban,Fair,Yes,745274
3018,4882,5,4,2,2020,Suburban,Poor,Yes,1306442
3019,4267,4,2,2,2001,Rural,Fair,Yes,1116560
3020,4271,3,2,2,2021,Downtown,Fair,No,1197148
3021,3401,2,1,1,1974,Suburban,Fair,No,815723
3022,685,1,1,2,1972,Urban,Good,No,444126
3023,3715,4,3,3,2023,Rural,Excellent,No,1070976
3024,4832,4,2,3,1979,Urban,Fair,Yes,1328388
3025,3068,3,1,1,1960,Urban,Good,Yes,988675
3026,4219,4,2,2,1984,Downtown,Poor,Yes,1258945
3027,2236,2,1,3,1976,Urban,Fair,Yes,724463
3028,4183,5,4,2,2016,Urban,Good,No,1378036
3029,4609,5,3,2,1996,Downtown,Excellent,Yes,1519194
3030,3926,5,4,3,1999,Urban,Excellent,Yes,1315733
3031,2818,3,1,2,1957,Urban,Fair,Yes,839305
3032,2817,3,2,2,2004,Suburban,Fair,No,803615
3033,2969,3,2,1,1991,Downtown,Excellent,No,964729
3034,4238,5,3,1,2016,Suburban,Fair,Yes,1270069
3035,3103,3,1,1,1969,Suburban,Good,Yes,915961
3036,1543,2,1,3,1994,Urban,Poor,Yes,620101
3037,3437,3,2,2,1984,Downtown,Good,Yes,1132222
3038,3260,3,1,2,1969,Suburban,Good,Yes,882223
3039,3536,4,2,3,1973,Urban,Good,No,1100272
3040,4547,4,3,2,2006,Downtown,Excellent,No,1469816
3041,2276,2,1,2,2004,Urban,Poor,Yes,762678
3042,1796,1,1,1,1958,Urban,Good,Yes,698214
3043,4705,4,3,3,1965,Urban,Good,No,1318443
3044,3387,4,2,1,2004,Rural,Fair,Yes,811933
3045,2061,2,2,1,2021,Rural,Poor,Yes,612189
3046,3918,3,2,1,2007,Rural,Fair,Yes,994497
3047,1266,1,1,1,2013,Urban,Fair,No,602518
3048,2776,2,2,1,1998,Rural,Excellent,No,904637
3049,4343,5,3,2,1978,Suburban,Good,Yes,1307772
3050,1200,1,1,1,1956,Suburban,Good,Yes,425154
3051,3252,3,3,2,2018,Urban,Good,Yes,1034532
3052,4424,4,2,1,1951,Downtown,Good,No,1283799
3053,4506,5,4,1,1982,Rural,Good,No,1141368
3054,1579,2,1,2,1997,Urban,Good,No,689854
3055,3051,2,2,3,1986,Rural,Good,No,871687
3056,1228,2,3,3,1979,Urban,Poor,No,599074
3057,2229,2,1,3,1990,Rural,Excellent,No,768559
3058,4296,5,3,2,1953,Urban,Good,Yes,1260884
3059,4030,4,2,2,1988,Urban,Good,Yes,1205949
3060,4274,5,3,2,1973,Suburban,Good,Yes,1203116
3061,4529,4,2,2,1999,Suburban,Good,Yes,1272543
3062,3365,3,2,1,1986,Suburban,Good,Yes,893234
3063,4969,5,4,2,2002,Urban,Fair,No,1368283
3064,715,1,1,2,1974,Downtown,Fair,No,484131
3065,2603,3,2,2,1980,Urban,Excellent,No,962800
3066,1292,1,1,2,1987,Urban,Good,Yes,634516
3067,3762,4,2,1,2007,Suburban,Poor,No,927750
3068,1705,3,3,2,2002,Downtown,Good,No,751850
3069,3608,4,3,1,1999,Urban,Good,No,1138956
3070,2761,3,3,3,1953,Rural,Good,Yes,790379
3071,753,1,1,1,2001,Downtown,Good,Yes,499945
3072,4299,4,2,1,1980,Suburban,Good,No,1161455
3073,4386,5,3,3,1963,Downtown,Excellent,No,1402251
3074,1664,3,2,2,1950,Downtown,Excellent,No,903325
3075,4800,4,2,1,1992,Suburban,Excellent,No,1331435
3076,2513,2,1,2,2008,Urban,Good,No,839999
3077,1816,2,2,1,2010,Suburban,Good,Yes,671840
3078,3001,4,2,1,1990,Rural,Good,Yes,922400
3079,2372,3,2,1,1967,Suburban,Good,No,754913
3080,2560,3,2,2,2009,Rural,Excellent,Yes,843401
3081,3380,4,3,3,2018,Suburban,Fair,No,1006722
3082,3471,4,2,2,2008,Urban,Excellent,Yes,1167411
3083,1260,1,1,2,1991,Urban,Good,Yes,589344
3084,3235,5,3,1,1985,Suburban,Fair,Yes,1095651
3085,2929,4,3,1,1989,Suburban,Good,Yes,991891
3086,4554,5,4,3,1979,Downtown,Fair,Yes,1386860
3087,3050,2,1,1,1960,Downtown,Fair,Yes,918191
3088,1732,1,1,3,1974,Urban,Excellent,No,643077
3089,1299,2,2,2,1994,Downtown,Good,No,596466
3090,2638,2,1,3,2000,Urban,Fair,No,847066
3091,2779,2,1,1,1992,Suburban,Excellent,Yes,930447
3092,3438,3,1,1,2015,Downtown,Poor,No,1000520
3093,1473,1,1,2,1996,Suburban,Good,Yes,653490
3094,683,1,1,2,1973,Suburban,Poor,Yes,330766
3095,2022,3,1,1,1986,Downtown,Fair,Yes,817396
3096,3275,4,2,3,2005,Downtown,Fair,Yes,1105312
3097,3780,4,2,1,1995,Downtown,Excellent,No,1126101
3098,4916,5,3,1,1977,Urban,Excellent,No,1475885
3099,4575,5,4,2,2001,Suburban,Excellent,No,1324076
3100,1991,3,3,2,1964,Urban,Good,Yes,816871
3101,3818,4,3,3,1994,Urban,Good,Yes,1180085
3102,4807,5,3,2,2007,Urban,Good,No,1395724
3103,1214,2,1,1,2016,Suburban,Good,Yes,643829
3104,3571,4,3,2,2022,Downtown,Good,Yes,1261749
3105,4165,4,3,1,2021,Suburban,Excellent,No,1280532
3106,4176,5,3,2,2022,Suburban,Poor,Yes,1156866
3107,870,1,1,2,1990,Urban,Fair,No,422112
3108,4666,4,2,1,2014,Suburban,Good,Yes,1270033
3109,3068,2,2,2,1989,Downtown,Good,Yes,1070118
3110,1990,2,2,2,1954,Urban,Good,No,712897
3111,3954,5,2,2,1977,Downtown,Good,No,1269559
3112,4735,5,3,2,1987,Downtown,Poor,No,1305448
3113,4207,5,4,1,1967,Urban,Good,Yes,1326431
3114,3183,3,2,1,1986,Suburban,Good,Yes,988738
3115,4673,5,3,1,1976,Rural,Good,Yes,1237670
3116,3675,3,2,1,1974,Suburban,Excellent,Yes,1128936
3117,4506,5,3,2,2018,Urban,Good,Yes,1418919
3118,889,1,1,3,1976,Rural,Poor,No,354969
3119,3080,4,3,2,2003,Urban,Fair,No,951281
3120,3852,4,2,2,1956,Downtown,Fair,No,1163406
3121,878,1,1,2,1976,Urban,Fair,No,455436
3122,3524,3,3,1,2008,Urban,Good,No,1117928
3123,1180,2,1,3,2021,Urban,Good,Yes,625698
3124,853,1,1,3,1980,Suburban,Good,No,442942
3125,4876,5,3,2,2017,Downtown,Excellent,Yes,1538861
3126,1424,3,4,1,1953,Urban,Fair,No,628786
3127,4432,5,4,2,1967,Urban,Fair,No,1213505
3128,1299,2,1,1,2012,Suburban,Fair,Yes,592352
3129,1980,2,1,2,2001,Rural,Excellent,Yes,708893
3130,4496,5,4,3,2012,Suburban,Good,Yes,1430093
3131,2273,3,1,1,1994,Urban,Good,Yes,794201
3132,3327,4,3,3,1961,Suburban,Poor,No,916906
3133,3756,5,3,3,1957,Urban,Good,Yes,1201443
3134,3988,5,4,3,1971,Rural,Good,Yes,1183578
3135,4907,5,3,2,1990,Suburban,Good,Yes,1406908
3136,983,1,1,1,1990,Urban,Good,Yes,465983
3137,941,1,1,2,2006,Suburban,Good,No,515144
3138,2587,4,3,2,1981,Urban,Poor,Yes,898074
3139,4659,5,3,1,2004,Downtown,Good,Yes,1366476
3140,3709,4,4,2,1955,Suburban,Excellent,Yes,1240251
3141,4682,5,4,2,1988,Urban,Good,Yes,1344652
3142,3398,3,1,1,1958,Rural,Fair,Yes,843913
3143,3840,5,3,1,1981,Urban,Fair,No,1104448
3144,2588,2,2,1,1985,Suburban,Excellent,Yes,870414
3145,4014,5,3,2,1965,Suburban,Fair,Yes,1120906
3146,2449,2,2,2,1961,Rural,Good,Yes,740978
3147,905,1,1,1,1990,Urban,Good,Yes,471547
3148,4213,5,3,3,2016,Urban,Good,Yes,1373840
3149,3349,3,2,1,2007,Suburban,Fair,No,945108
3150,1735,2,1,2,1958,Suburban,Poor,Yes,523506
3151,805,1,1,2,1966,Urban,Good,Yes,527039
3152,4050,3,2,2,1954,Urban,Excellent,No,1157801
3153,4411,4,2,1,1975,Rural,Fair,Yes,1081436
3154,4222,5,3,3,1950,Suburban,Good,Yes,1159550
3155,4199,4,1,3,1950,Suburban,Good,No,1090701
3156,3151,4,2,2,1984,Suburban,Good,Yes,953441
3157,4908,5,4,2,1958,Urban,Good,Yes,1338700
3158,909,2,1,1,1987,Rural,Good,Yes,410597
3159,3308,2,1,2,1953,Suburban,Excellent,No,937407
3160,2591,2,1,2,2001,Urban,Good,Yes,889049
3161,871,1,1,2,1968,Downtown,Excellent,No,612419
3162,4242,5,4,2,1954,Urban,Good,No,1245995
3163,4686,5,3,2,1997,Suburban,Good,No,1325263
3164,2422,2,2,1,2012,Suburban,Fair,Yes,801054
3165,3873,5,3,1,1987,Rural,Good,No,1108363
3166,4949,5,4,1,2001,Rural,Poor,Yes,1252926
3167,1120,1,1,1,1995,Downtown,Good,No,602434
3168,1576,1,1,2,1958,Suburban,Poor,No,394047
3169,4322,5,3,2,1999,Suburban,Excellent,No,1333626
3170,4151,3,2,2,2023,Downtown,Good,No,1213347
3171,4705,4,2,2,2015,Suburban,Good,Yes,1321180
3172,3373,2,1,2,1987,Urban,Good,Yes,1038298
3173,3152,3,2,1,1976,Downtown,Excellent,Yes,1132624
3174,3432,3,1,2,1969,Downtown,Excellent,Yes,1033642
3175,4507,4,2,1,2011,Suburban,Good,Yes,1287872
3176,752,1,1,2,2023,Suburban,Good,Yes,544072
3177,3564,3,2,1,1965,Suburban,Good,No,903793
3178,3516,3,2,1,1962,Suburban,Poor,Yes,906642
3179,3400,2,2,2,1969,Downtown,Excellent,No,1096686
3180,2352,3,1,3,1973,Downtown,Good,Yes,912727
3181,3210,5,2,2,1999,Urban,Good,Yes,1152288
3182,4475,3,2,2,1956,Urban,Good,No,1211795
3183,1704,1,1,2,1978,Rural,Fair,Yes,449995
3184,3136,3,2,2,1954,Suburban,Fair,No,821635
3185,4799,5,3,2,1984,Urban,Fair,No,1277855
3186,4454,5,3,3,2014,Downtown,Good,Yes,1350270
3187,4094,4,2,1,2019,Suburban,Poor,Yes,1057334
3188,2514,3,2,1,2023,Suburban,Good,No,860557
3189,3672,5,3,1,1956,Suburban,Good,Yes,1115409
3190,1606,2,2,2,1993,Urban,Good,Yes,716371
3191,1006,2,2,3,2021,Urban,Fair,No,538467
3192,766,1,1,1,1962,Urban,Fair,Yes,408607
3193,1108,1,1,2,1987,Suburban,Good,Yes,535721
3194,2261,2,1,3,1962,Downtown,Fair,Yes,844670
3195,4264,4,4,2,2003,Urban,Good,No,1287384
3196,4089,4,3,2,1993,Suburban,Fair,Yes,1097149
3197,1280,1,1,3,1962,Downtown,Good,Yes,627690
3198,3124,3,2,2,1974,Suburban,Good,Yes,971005
3199,2720,3,3,2,1973,Downtown,Good,No,942855
3200,4957,5,3,1,1978,Downtown,Excellent,No,1464068
3201,1963,2,2,1,2019,Rural,Good,No,658289
3202,1931,2,1,2,1967,Urban,Excellent,Yes,820289
3203,2892,2,2,2,1954,Downtown,Fair,No,845219
3204,2138,3,2,3,1967,Downtown,Good,Yes,827075
3205,4008,3,2,3,2012,Rural,Fair,No,952785
3206,1160,2,1,3,1986,Suburban,Good,Yes,593304
3207,1699,2,2,1,2020,Rural,Good,No,540840
3208,2503,3,2,3,2004,Suburban,Good,Yes,852820
3209,774,1,1,2,2022,Suburban,Good,Yes,423893
3210,2756,2,2,2,1961,Urban,Excellent,Yes,954855
3211,2830,2,1,2,2001,Suburban,Good,Yes,859309
3212,4887,5,3,1,2006,Urban,Fair,Yes,1387638
3213,4760,5,3,1,1995,Suburban,Good,No,1315265
3214,4520,5,3,3,1993,Suburban,Good,No,1196179
3215,2097,3,2,2,1973,Suburban,Fair,Yes,726366
3216,4454,5,3,2,1958,Urban,Good,No,1272905
3217,3771,3,3,2,1961,Suburban,Fair,No,1052425
3218,2167,4,3,3,1958,Urban,Excellent,No,863640
3219,1751,2,1,2,1971,Urban,Good,Yes,719524
3220,968,1,1,2,1966,Rural,Excellent,Yes,461764
3221,642,1,1,1,1982,Urban,Excellent,No,442481
3222,2507,3,1,1,1996,Downtown,Good,No,941825
3223,4090,4,3,3,1964,Suburban,Fair,No,1119601
3224,3135,3,2,2,1982,Suburban,Good,No,909755
3225,4773,5,4,2,1964,Rural,Poor,Yes,1138897
3226,3473,4,2,2,1976,Suburban,Fair,Yes,1047563
3227,2424,2,1,3,2010,Downtown,Poor,No,831101
3228,1893,2,1,2,2017,Downtown,Fair,Yes,770655
3229,3986,5,3,2,1997,Downtown,Good,Yes,1317658
3230,3572,4,2,2,1957,Downtown,Excellent,Yes,1167316
3231,4522,5,3,1,1955,Suburban,Fair,No,1233520
3232,1592,1,1,3,2012,Urban,Fair,Yes,586991
3233,2986,4,2,3,1951,Urban,Fair,No,954979
3234,2840,3,2,3,1971,Suburban,Good,Yes,1002150
3235,2076,2,1,3,1970,Urban,Good,No,699491
3236,4007,5,2,3,1955,Downtown,Excellent,Yes,1317168
3237,989,2,1,2,2019,Suburban,Fair,Yes,459119
3238,1599,2,2,3,1962,Downtown,Excellent,Yes,871876
3239,2455,1,1,2,1950,Suburban,Poor,No,600003
3240,1258,1,1,1,1971,Suburban,Good,Yes,444009
3241,3363,3,2,2,1973,Rural,Fair,Yes,826121
3242,4263,5,3,3,2013,Downtown,Good,Yes,1428058
3243,2081,3,2,2,1990,Urban,Poor,No,653927
3244,4331,4,3,3,1971,Suburban,Excellent,Yes,1217638
3245,1051,1,1,1,2010,Urban,Fair,Yes,530746
3246,3075,4,2,1,1961,Urban,Good,Yes,1010840
3247,3822,4,3,2,1953,Downtown,Poor,No,1053482
3248,2137,1,1,1,1961,Suburban,Fair,Yes,598935
3249,3693,3,1,1,1982,Rural,Fair,No,856528
3250,1482,1,1,1,1970,Rural,Excellent,Yes,532443
3251,4668,4,3,3,2022,Suburban,Poor,Yes,1304209
3252,3166,4,2,1,2021,Downtown,Good,Yes,1155326
3253,3877,3,2,1,2023,Suburban,Fair,No,1058540
3254,974,1,1,1,2023,Urban,Good,Yes,548140
3255,4297,4,2,2,2021,Rural,Poor,Yes,1032006
3256,3662,4,3,2,2001,Rural,Excellent,Yes,1178649
3257,3850,5,3,2,1996,Rural,Good,No,1076669
3258,712,2,2,2,2008,Rural,Good,No,357997
3259,3797,3,1,1,1996,Suburban,Fair,No,1108292
3260,2978,2,1,2,2005,Suburban,Good,Yes,910972
3261,2524,3,2,3,1962,Rural,Good,No,688948
3262,739,1,1,1,1993,Suburban,Fair,No,387905
3263,2024,1,1,2,1984,Suburban,Fair,Yes,671761
3264,3549,4,2,1,1978,Rural,Good,Yes,958306
3265,3768,4,2,1,2005,Suburban,Fair,Yes,1019614
3266,1116,1,1,2,1954,Downtown,Fair,No,498161
3267,3216,3,3,2,2016,Downtown,Good,Yes,1166758
3268,1487,1,1,1,2002,Downtown,Fair,No,640127
3269,3704,4,4,1,2009,Urban,Good,No,1132979
3270,649,1,1,3,1955,Urban,Good,Yes,527821
3271,4551,4,1,3,1997,Suburban,Fair,Yes,1137352
3272,4160,4,3,3,1984,Urban,Good,Yes,1239519
3273,618,1,1,2,1967,Rural,Fair,Yes,278370
3274,2073,2,1,2,1960,Urban,Good,Yes,731066
3275,4661,5,4,2,2000,Rural,Excellent,No,1289614
3276,3206,5,3,1,1972,Downtown,Good,Yes,1194908
3277,1051,2,1,2,1996,Suburban,Good,No,495224
3278,4365,5,3,2,2008,Suburban,Good,Yes,1304743
3279,3038,3,3,1,2006,Suburban,Good,Yes,984417
3280,4910,4,3,3,2005,Urban,Good,Yes,1439514
3281,2149,2,1,1,1976,Downtown,Poor,No,675124
3282,4074,4,2,2,2022,Urban,Fair,No,1079762
3283,727,1,1,1,1984,Urban,Excellent,Yes,573995
3284,3361,2,1,2,2004,Urban,Good,Yes,1016958
3285,2015,3,2,1,1958,Suburban,Fair,No,611540
3286,801,1,1,1,1967,Suburban,Fair,No,316692
3287,2969,4,3,2,1993,Suburban,Fair,No,917528
3288,1117,1,1,2,1970,Rural,Excellent,No,431124
3289,1941,1,1,2,2005,Urban,Good,No,686010
3290,2588,2,1,1,1997,Downtown,Good,No,912950
3291,4145,4,3,2,1950,Suburban,Good,No,1143995
3292,4402,5,3,2,1976,Urban,Poor,Yes,1177985
3293,3875,5,3,1,1994,Suburban,Poor,Yes,1095030
3294,4254,5,3,3,2012,Suburban,Good,No,1237131
3295,3034,3,1,2,2007,Suburban,Fair,Yes,928648
3296,807,1,1,1,1989,Rural,Fair,No,270183
3297,3233,3,1,3,2012,Rural,Fair,Yes,883535
3298,4717,5,4,3,1987,Rural,Good,Yes,1329024
3299,753,1,1,3,1978,Suburban,Poor,No,279108
3300,3966,4,4,2,1989,Rural,Good,No,1119047
3301,4914,5,4,2,1968,Downtown,Excellent,Yes,1623887
3302,2118,3,2,1,2005,Suburban,Fair,No,712913
3303,3200,3,2,2,1993,Downtown,Fair,No,1015695
3304,2795,3,2,3,2014,Suburban,Excellent,Yes,1039670
3305,4154,4,2,2,1962,Downtown,Good,No,1272081
3306,3014,3,2,3,1979,Urban,Good,Yes,1006555
3307,3449,5,4,1,1998,Downtown,Fair,Yes,1134515
3308,2342,2,2,2,2012,Urban,Excellent,Yes,891656
3309,1906,2,2,3,2020,Urban,Fair,Yes,735738
3310,4449,3,2,2,1984,Downtown,Excellent,Yes,1317717
3311,4768,5,4,3,1960,Suburban,Excellent,No,1446015
3312,4795,5,4,2,1998,Rural,Good,Yes,1268841
3313,3155,3,2,2,1989,Suburban,Good,Yes,967569
3314,2905,3,3,2,1970,Suburban,Good,Yes,889108
3315,1688,3,3,3,1996,Suburban,Fair,Yes,717851
3316,3242,3,2,2,1952,Rural,Good,Yes,929019
3317,1777,3,1,1,1979,Suburban,Excellent,Yes,670480
3318,3594,3,2,2,2016,Suburban,Poor,No,968748
3319,1159,2,1,2,2011,Rural,Excellent,No,470538
3320,3564,5,4,1,1986,Urban,Good,Yes,1160041
3321,1871,3,1,2,1971,Downtown,Good,No,889263
3322,2413,1,1,1,1980,Suburban,Poor,No,609553
3323,3515,3,2,2,1995,Urban,Fair,Yes,1082073
3324,1209,1,1,3,1994,Urban,Excellent,Yes,675213
3325,3061,4,1,2,1963,Urban,Fair,Yes,929287
3326,4720,4,2,3,1961,Suburban,Good,No,1215899
3327,883,1,1,1,2012,Rural,Good,No,437693
3328,3528,3,3,3,1987,Downtown,Fair,No,1185580
3329,4996,5,4,1,1996,Urban,Good,Yes,1453788
3330,1691,1,1,1,2003,Downtown,Poor,Yes,682422
3331,1416,3,2,3,2004,Suburban,Good,Yes,715192
3332,682,1,1,2,1997,Urban,Good,No,447624
3333,2520,3,2,1,2022,Urban,Good,No,883006
3334,4091,4,3,3,2021,Downtown,Excellent,Yes,1385549
3335,3744,4,3,2,1964,Urban,Fair,No,1164458
3336,2693,2,2,3,2020,Urban,Good,Yes,984118
3337,775,1,1,2,1965,Suburban,Good,No,397540
3338,3304,4,3,2,1992,Downtown,Good,No,1103129
3339,969,1,1,2,1956,Suburban,Good,No,447641
3340,2418,2,1,1,1992,Urban,Excellent,Yes,822489
3341,2701,3,2,2,1977,Urban,Excellent,No,916585
3342,4090,5,3,2,2015,Urban,Poor,Yes,1183875
3343,2379,3,1,1,2009,Suburban,Good,Yes,787300
3344,1964,2,1,1,1952,Suburban,Good,Yes,643589
3345,3942,4,3,1,1950,Rural,Excellent,Yes,1137835
3346,4276,5,3,3,1980,Urban,Poor,Yes,1299856
3347,3026,3,2,2,2005,Downtown,Excellent,Yes,1161700
3348,672,1,1,2,1995,Downtown,Excellent,No,565633
3349,3562,4,2,3,1981,Urban,Excellent,Yes,1236593
3350,1459,3,2,2,1967,Downtown,Good,No,714553
3351,4456,4,3,3,2017,Downtown,Good,No,1290371
3352,4738,5,3,1,1984,Urban,Good,Yes,1425309
3353,3024,3,3,1,1972,Suburban,Fair,Yes,834791
3354,1664,1,1,2,1962,Suburban,Good,Yes,599016
3355,2817,3,2,2,1963,Urban,Good,Yes,899304
3356,4617,5,3,3,1986,Urban,Fair,Yes,1279475
3357,2859,3,3,2,1954,Suburban,Good,Yes,887246
3358,4351,5,4,1,1971,Urban,Poor,Yes,1096683
3359,2686,2,1,2,1977,Suburban,Fair,Yes,741628
3360,968,2,1,2,1953,Rural,Good,No,398464
3361,3404,5,3,1,1999,Rural,Fair,No,948883
3362,750,1,1,2,1978,Urban,Excellent,Yes,463300
3363,1734,2,1,3,1986,Suburban,Good,Yes,713044
3364,3384,3,3,3,1984,Suburban,Good,Yes,1151693
3365,4764,5,3,2,1969,Urban,Fair,Yes,1406252
3366,2946,3,1,2,1984,Suburban,Excellent,Yes,941188
3367,2850,2,1,1,1951,Urban,Excellent,Yes,896428
3368,660,1,1,2,2007,Suburban,Good,No,370191
3369,3610,4,2,2,1967,Urban,Fair,No,1110446
3370,4501,4,2,2,2005,Downtown,Good,No,1312108
3371,1937,2,1,1,2013,Suburban,Good,Yes,667988
3372,1784,2,2,3,2001,Urban,Fair,Yes,751086
3373,2151,3,1,3,1971,Downtown,Excellent,No,947903
3374,2229,2,1,2,2009,Urban,Good,Yes,859343
3375,1927,3,3,1,1959,Downtown,Good,Yes,786686
3376,2126,3,2,1,1955,Suburban,Good,No,722770
3377,2273,2,1,1,1955,Urban,Fair,Yes,778546
3378,1961,3,2,2,1977,Downtown,Fair,Yes,798837
3379,2173,2,2,1,1991,Urban,Fair,Yes,760129
3380,3286,3,3,3,2023,Urban,Excellent,Yes,1179103
3381,4970,5,3,3,1990,Suburban,Good,Yes,1387311
3382,2966,3,2,2,2012,Urban,Excellent,Yes,1084809
3383,4357,4,3,2,1971,Suburban,Excellent,Yes,1326909
3384,3034,3,2,2,1978,Downtown,Poor,No,971713
3385,2593,2,1,3,2020,Urban,Fair,No,819719
3386,1469,2,1,3,1983,Suburban,Excellent,No,645845
3387,1614,2,1,1,1951,Downtown,Good,Yes,674736
3388,2511,3,2,1,1975,Downtown,Good,No,969796
3389,1202,1,1,2,1968,Urban,Good,Yes,543226
3390,4421,5,4,2,1969,Downtown,Excellent,Yes,1452615
3391,1290,2,1,1,1982,Suburban,Good,Yes,557428
3392,1093,2,1,2,1953,Suburban,Excellent,Yes,577148
3393,1089,2,2,2,1981,Urban,Excellent,No,560410
3394,3156,4,3,1,1968,Suburban,Good,Yes,1011730
3395,894,2,2,3,1952,Rural,Good,No,422095
3396,4627,5,4,1,2010,Rural,Good,No,1247108
3397,3443,4,3,2,1987,Downtown,Fair,Yes,1147602
3398,3512,4,3,2,1955,Downtown,Good,Yes,1164512
3399,2317,4,2,1,2005,Urban,Poor,No,691691
3400,3196,1,1,2,1989,Urban,Excellent,No,1023655
3401,2473,2,1,2,2018,Downtown,Good,Yes,862958
3402,3858,5,2,3,1991,Urban,Excellent,No,1208407
3403,3417,4,2,2,2023,Downtown,Fair,No,1154178
3404,1044,3,2,2,1951,Suburban,Excellent,Yes,546123
3405,4241,5,2,2,1977,Urban,Good,Yes,1259420
3406,1341,1,1,2,1966,Downtown,Excellent,Yes,788292
3407,2641,3,2,3,2019,Urban,Fair,Yes,918496
3408,1279,2,2,1,2018,Urban,Good,No,557422
3409,3067,4,3,1,1988,Suburban,Good,Yes,1021551
3410,4297,5,4,2,1956,Rural,Good,Yes,1203281
3411,1958,2,1,1,1981,Rural,Fair,Yes,562048
3412,662,1,1,3,1953,Suburban,Excellent,Yes,383264
3413,3159,3,2,2,1970,Suburban,Poor,Yes,913214
3414,4369,4,2,2,1981,Downtown,Fair,No,1320246
3415,4951,5,3,3,1963,Suburban,Good,Yes,1371879
3416,734,2,1,2,2019,Suburban,Excellent,Yes,527616
3417,4244,4,3,2,1995,Suburban,Good,Yes,1250394
3418,2735,3,1,1,1969,Urban,Good,Yes,912664
3419,3878,4,3,2,2007,Downtown,Good,No,1272339
3420,1422,2,1,1,1997,Urban,Excellent,No,666469
3421,3674,4,3,2,1956,Suburban,Poor,No,977318
3422,3581,2,1,2,1989,Rural,Poor,No,827352
3423,720,1,1,1,2008,Urban,Poor,No,472899
3424,2237,2,2,2,1985,Rural,Good,Yes,718449
3425,1524,1,1,1,1993,Downtown,Good,Yes,696493
3426,1244,2,1,3,1980,Rural,Good,Yes,435292
3427,2632,3,1,1,1991,Suburban,Good,No,738350
3428,3361,4,2,3,1993,Downtown,Fair,Yes,1119975
3429,2668,2,1,2,1992,Urban,Fair,Yes,828692
3430,841,1,1,2,1992,Downtown,Fair,Yes,483244
3431,3268,2,1,1,1996,Rural,Fair,No,732121
3432,1402,2,1,3,1955,Urban,Fair,Yes,608818
3433,4764,5,4,1,2015,Suburban,Good,Yes,1348578
3434,795,1,1,2,1958,Urban,Good,Yes,444294
3435,2787,3,2,3,1960,Rural,Good,No,739867
3436,4115,5,2,3,1967,Urban,Good,No,1178014
3437,2930,3,2,2,1974,Urban,Fair,No,863557
3438,2959,4,3,3,2023,Urban,Good,Yes,1076437
3439,4206,2,1,2,2007,Urban,Good,Yes,1190067
3440,876,2,2,1,1979,Downtown,Excellent,Yes,647815
3441,660,1,1,2,1950,Suburban,Excellent,Yes,376814
3442,3990,4,2,1,2012,Downtown,Good,Yes,1216465
3443,2513,3,1,1,1978,Suburban,Good,No,746618
3444,4527,5,4,2,2015,Urban,Fair,No,1357198
3445,3191,4,2,2,2002,Urban,Good,Yes,1060983
3446,1166,2,1,1,1968,Urban,Excellent,No,613193
3447,4535,4,2,3,2015,Suburban,Good,Yes,1353260
3448,2171,3,1,1,2001,Downtown,Fair,No,778496
3449,1800,2,2,3,1980,Urban,Good,Yes,748037
3450,3454,3,1,3,2009,Suburban,Excellent,Yes,1096881
3451,3495,2,1,3,2017,Downtown,Fair,Yes,1084370
3452,1836,2,1,3,1979,Suburban,Good,Yes,635421
3453,736,1,1,1,1962,Downtown,Good,Yes,538863
3454,1629,3,2,2,1964,Downtown,Fair,No,695759
3455,2756,4,2,1,1969,Suburban,Good,Yes,854771
3456,3194,3,2,1,1983,Urban,Good,No,964106
3457,1261,2,1,2,1969,Urban,Fair,No,433825
3458,3072,4,3,1,1999,Suburban,Good,No,893955
3459,3277,3,2,3,1976,Downtown,Good,Yes,1146156
3460,2908,3,2,3,1979,Suburban,Poor,Yes,820888
3461,686,1,1,2,2005,Rural,Excellent,No,463530
3462,3112,4,3,2,2014,Suburban,Fair,Yes,985942
3463,3542,3,3,2,2004,Downtown,Good,No,1161065
3464,3373,4,3,3,1973,Suburban,Fair,Yes,1010577
3465,3104,3,2,2,1974,Downtown,Good,Yes,1012197
3466,3910,3,3,1,2002,Urban,Good,Yes,1196045
3467,2300,1,1,2,1960,Suburban,Good,Yes,678851
3468,4270,4,2,2,2009,Downtown,Good,Yes,1345405
3469,3300,3,2,3,1996,Downtown,Good,No,1055044
3470,4229,4,2,1,1974,Urban,Good,No,1217280
3471,2247,4,3,1,1974,Rural,Poor,Yes,673655
3472,3918,4,3,3,1966,Urban,Good,Yes,1261455
3473,4287,5,3,3,1961,Downtown,Good,Yes,1391036
3474,1196,1,1,3,2001,Suburban,Fair,Yes,502083
3475,1084,1,1,2,1960,Urban,Poor,Yes,503196
3476,1245,1,1,2,1959,Urban,Fair,Yes,530225
3477,3689,4,3,2,2009,Rural,Fair,Yes,911605
3478,4984,5,4,1,2003,Urban,Good,No,1392700
3479,1320,1,1,2,2012,Urban,Good,No,580213
3480,1098,2,1,1,1969,Downtown,Good,Yes,676124
3481,2273,2,1,1,1954,Suburban,Excellent,No,717374
3482,3667,4,2,3,1990,Urban,Fair,No,1042346
3483,714,1,1,1,2012,Suburban,Fair,Yes,302519
3484,3579,4,4,3,2005,Rural,Good,No,1102002
3485,2336,2,1,1,1981,Downtown,Excellent,Yes,981291
3486,4211,5,3,1,1976,Rural,Good,Yes,1095849
3487,2853,3,1,2,2017,Urban,Good,Yes,901895
3488,2894,2,1,2,1997,Urban,Excellent,Yes,1035150
3489,4230,5,3,2,1956,Suburban,Good,Yes,1276918
3490,746,1,1,3,1995,Suburban,Good,No,398765
3491,4582,4,2,1,1967,Suburban,Excellent,Yes,1277663
3492,4053,4,3,3,1987,Urban,Poor,No,1139316
3493,3010,3,2,1,2014,Rural,Excellent,Yes,893272
3494,736,2,2,3,1966,Suburban,Fair,Yes,398992
3495,3960,4,3,2,1987,Urban,Excellent,No,1226692
3496,3605,5,4,3,2012,Rural,Fair,No,987798
3497,4152,4,2,2,1991,Rural,Good,No,1210025
3498,618,1,1,1,1957,Urban,Excellent,No,511318
3499,2842,3,2,3,1979,Suburban,Fair,No,819737
3500,1048,2,1,1,2013,Suburban,Good,Yes,541272
3501,2548,2,1,1,1958,Suburban,Good,Yes,694040
3502,1545,1,1,3,2006,Downtown,Poor,No,616506
3503,4836,5,3,1,2008,Suburban,Excellent,Yes,1453321
3504,2520,1,2,1,2016,Rural,Fair,No,619261
3505,3577,4,2,2,1954,Urban,Good,No,1040932
3506,4788,5,2,3,1953,Suburban,Good,Yes,1271346
3507,4615,5,3,1,1957,Suburban,Excellent,Yes,1398043
3508,838,1,1,2,1991,Urban,Good,Yes,574914
3509,804,2,1,2,1984,Downtown,Good,Yes,608256
3510,3207,3,2,3,1962,Suburban,Excellent,Yes,1037535
3511,4940,5,3,3,1954,Urban,Poor,Yes,1257134
3512,3988,4,4,2,1989,Urban,Good,Yes,1213643
3513,3572,4,2,2,1968,Urban,Good,Yes,1094029
3514,4990,4,3,2,1953,Urban,Fair,No,1263534
3515,3287,3,2,1,2008,Downtown,Good,Yes,1130773
3516,4766,5,3,2,1967,Suburban,Good,No,1218420
3517,1948,2,1,3,1973,Suburban,Good,No,604916
3518,5000,5,3,2,1980,Downtown,Fair,No,1378146
3519,1416,2,1,1,2007,Suburban,Fair,Yes,477621
3520,1420,1,1,2,1977,Suburban,Fair,No,520678
3521,792,1,1,2,1958,Downtown,Fair,Yes,539591
3522,2376,2,2,2,1994,Rural,Fair,Yes,605730
3523,4245,4,2,2,1998,Urban,Good,Yes,1270169
3524,850,1,2,2,1951,Downtown,Good,No,511941
3525,2388,2,1,1,1955,Urban,Excellent,Yes,843556
3526,4300,5,3,3,1978,Urban,Good,Yes,1339351
3527,3063,2,2,2,1975,Downtown,Fair,No,845177
3528,1767,2,2,1,1977,Downtown,Poor,Yes,717961
3529,4493,5,4,1,1956,Downtown,Good,No,1372766
3530,1696,2,2,3,1983,Suburban,Excellent,Yes,790709
3531,3279,4,3,3,2005,Urban,Good,Yes,1037945
3532,2447,3,3,2,1959,Rural,Good,Yes,763829
3533,4504,4,2,1,2006,Suburban,Fair,No,1186001
3534,1104,1,1,1,1996,Suburban,Good,Yes,522939
3535,2221,1,1,1,1976,Suburban,Good,No,696412
3536,3072,3,2,2,1988,Suburban,Fair,Yes,924128
3537,3146,3,2,2,1971,Suburban,Good,Yes,865175
3538,1987,3,2,2,1968,Suburban,Fair,No,702747
3539,3594,4,3,2,1958,Urban,Good,Yes,1103058
3540,4416,4,2,1,1968,Urban,Good,No,1222323
3541,1317,1,1,1,1951,Suburban,Good,Yes,574419
3542,4084,5,3,2,2010,Suburban,Good,Yes,1237128
3543,1258,1,1,1,2008,Urban,Good,Yes,576278
3544,4608,4,2,1,2019,Downtown,Excellent,No,1359773
3545,4834,5,3,2,2020,Urban,Good,No,1339863
3546,4364,5,3,3,2019,Urban,Good,Yes,1307625
3547,3589,4,3,2,1982,Rural,Fair,Yes,972527
3548,2704,3,2,3,2014,Urban,Good,Yes,1071203
3549,1855,3,3,2,1974,Downtown,Poor,Yes,734718
3550,3082,2,1,2,2019,Downtown,Poor,Yes,940506
3551,983,1,1,1,1977,Urban,Good,Yes,545967
3552,3207,4,2,3,1967,Downtown,Good,No,1047158
3553,793,1,1,1,2012,Rural,Good,Yes,451202
3554,4407,5,4,1,1998,Rural,Excellent,No,1227102
3555,4319,4,3,1,2015,Rural,Good,Yes,1227440
3556,3181,3,2,3,1989,Suburban,Fair,Yes,966663
3557,3165,3,1,3,2015,Suburban,Good,Yes,990649
3558,3363,4,2,2,1953,Rural,Good,Yes,908318
3559,3398,4,2,2,1983,Rural,Good,No,975193
3560,2939,3,2,2,1954,Rural,Good,Yes,825101
3561,4006,5,3,3,1971,Rural,Poor,Yes,1012144
3562,1331,3,2,2,1969,Suburban,Good,No,651959
3563,3472,2,1,3,1996,Downtown,Good,Yes,1014371
3564,3720,4,2,1,1983,Urban,Excellent,No,1225343
3565,4777,5,3,1,1993,Suburban,Fair,Yes,1377621
3566,3204,3,2,3,1955,Suburban,Good,No,889904
3567,2982,5,4,1,2005,Suburban,Good,Yes,1006879
3568,1131,1,1,3,1978,Suburban,Good,No,437837
3569,4916,5,3,2,2002,Suburban,Good,Yes,1423902
3570,1234,2,1,3,1950,Downtown,Excellent,Yes,687480
3571,2369,2,1,1,2008,Urban,Good,Yes,820014
3572,4404,5,3,2,1997,Urban,Poor,Yes,1264316
3573,2970,4,3,2,1956,Urban,Good,No,900235
3574,602,1,1,2,1981,Suburban,Poor,Yes,243576
3575,805,1,1,2,2010,Downtown,Good,No,564964
3576,4735,5,3,3,2006,Downtown,Good,Yes,1462248
3577,3221,4,3,2,2000,Urban,Good,No,1011742
3578,3490,3,2,1,1968,Suburban,Good,Yes,998965
3579,3793,5,3,3,1976,Downtown,Good,Yes,1274288
3580,3266,4,3,1,2012,Suburban,Good,Yes,1003942
3581,3906,4,3,2,2009,Urban,Good,No,1197907
3582,1497,1,1,1,2010,Downtown,Good,No,618194
3583,1685,1,1,3,2010,Suburban,Good,Yes,685079
3584,1879,3,3,1,1994,Rural,Fair,Yes,616150
3585,1270,3,3,1,1970,Suburban,Excellent,No,719742
3586,2105,2,2,3,1993,Suburban,Excellent,Yes,767305
3587,4175,3,1,3,1950,Suburban,Good,Yes,1091781
3588,2555,2,2,1,1993,Suburban,Good,Yes,861230
3589,849,1,1,2,2011,Downtown,Good,Yes,546620
3590,2492,1,1,3,2010,Suburban,Good,Yes,803503
3591,4039,5,4,1,1999,Rural,Fair,Yes,1017871
3592,2453,4,2,3,1990,Suburban,Good,No,800624
3593,3454,3,1,2,1982,Suburban,Excellent,Yes,1015160
3594,2103,2,1,2,1961,Urban,Fair,Yes,693717
3595,3985,3,2,2,1951,Urban,Good,No,1150677
3596,4171,4,3,2,1970,Suburban,Excellent,Yes,1239396
3597,4392,5,3,1,1963,Urban,Good,No,1240000
3598,4026,5,4,2,1983,Rural,Good,Yes,1119697
3599,643,1,1,1,2013,Rural,Excellent,No,336063
3600,4212,4,2,2,1972,Suburban,Good,Yes,1224745
3601,3218,4,3,1,1999,Rural,Good,Yes,962902
3602,3763,4,2,3,1963,Urban,Good,No,1103636
3603,1888,2,2,1,1995,Rural,Good,Yes,699655
3604,3542,4,3,2,1954,Urban,Poor,No,851806
3605,819,1,1,2,2015,Downtown,Fair,Yes,587755
3606,2525,3,3,2,1971,Suburban,Good,Yes,789196
3607,3572,3,2,2,2019,Urban,Good,Yes,1128442
3608,4113,4,2,2,1951,Rural,Excellent,Yes,1176169
3609,3048,3,2,1,1978,Urban,Good,No,860322
3610,4071,4,3,1,2010,Rural,Good,Yes,1177756
3611,3374,3,2,2,2020,Downtown,Fair,Yes,1090498
3612,1590,1,1,3,1965,Suburban,Excellent,Yes,620736
3613,3546,3,1,1,2013,Suburban,Good,Yes,1035540
3614,2412,2,1,1,1963,Suburban,Fair,Yes,718785
3615,1403,2,1,1,1992,Urban,Good,Yes,740022
3616,1089,2,2,2,1992,Suburban,Excellent,Yes,613527
3617,4156,4,3,2,2019,Urban,Excellent,Yes,1378590
3618,2093,2,1,3,2004,Suburban,Fair,Yes,706510
3619,4245,4,3,1,1980,Suburban,Good,No,1179817
3620,3491,4,2,1,2023,Downtown,Good,No,1137523
3621,2305,3,2,1,1989,Downtown,Good,Yes,873420
3622,4116,5,2,2,1976,Urban,Good,Yes,1259852
3623,3940,5,2,2,2001,Rural,Good,No,1031421
3624,653,1,1,1,1956,Suburban,Excellent,No,320759
3625,3175,4,3,3,1995,Suburban,Excellent,Yes,1108449
3626,4191,5,3,1,1982,Suburban,Good,No,1146414
3627,1215,1,1,2,1957,Rural,Good,Yes,422666
3628,1554,1,1,2,1954,Urban,Good,No,505841
3629,3033,3,2,1,2010,Downtown,Poor,Yes,1003008
3630,2229,2,2,3,2021,Suburban,Good,Yes,691510
3631,3381,4,3,3,2009,Suburban,Good,Yes,1112848
3632,1249,1,1,2,1973,Suburban,Fair,Yes,499306
3633,2947,5,3,2,1956,Urban,Excellent,No,1065275
3634,3878,3,2,1,2010,Downtown,Excellent,Yes,1322726
3635,3240,4,2,2,1985,Urban,Excellent,Yes,1067158
3636,4401,5,4,1,1976,Suburban,Good,No,1327566
3637,3161,3,2,3,1978,Suburban,Good,Yes,936177
3638,3849,3,2,1,1969,Urban,Excellent,Yes,1205958
3639,970,2,2,1,2019,Suburban,Fair,Yes,580094
3640,1457,2,1,1,1952,Downtown,Good,Yes,659744
3641,983,2,2,1,1988,Suburban,Excellent,Yes,551748
3642,4477,5,3,2,1994,Suburban,Good,Yes,1332373
3643,3152,3,2,1,2017,Downtown,Excellent,Yes,1122273
3644,4934,5,4,2,1980,Urban,Good,Yes,1402441
3645,4890,5,3,1,1987,Downtown,Fair,No,1408243
3646,3325,2,1,2,1955,Rural,Fair,No,801271
3647,4634,5,3,2,1957,Suburban,Good,Yes,1292872
3648,3893,5,4,3,1977,Urban,Poor,No,1129116
3649,4851,5,3,3,1964,Urban,Good,Yes,1412849
3650,4588,5,3,3,1957,Rural,Fair,Yes,1172101
3651,1522,1,1,2,2003,Suburban,Excellent,No,614142
3652,3515,4,3,2,1955,Downtown,Fair,No,1021525
3653,3550,4,3,2,1978,Urban,Good,Yes,1100672
3654,3646,4,3,3,1983,Suburban,Good,Yes,1120192
3655,1574,2,1,1,1956,Urban,Excellent,Yes,789154
3656,1830,3,2,2,1989,Urban,Good,Yes,723219
3657,3035,4,2,1,2023,Rural,Excellent,No,922250
3658,2414,2,1,2,1962,Rural,Good,Yes,631566
3659,3534,4,2,2,2011,Rural,Fair,Yes,873119
3660,1963,2,1,2,2014,Downtown,Good,No,857899
3661,4540,5,3,2,1990,Urban,Good,No,1343758
3662,803,1,1,3,1991,Urban,Good,No,549393
3663,760,1,1,2,2015,Suburban,Good,No,351178
3664,1368,2,1,3,1960,Suburban,Good,Yes,608022
3665,4348,5,3,1,1999,Suburban,Poor,Yes,1258248
3666,3181,4,3,2,2020,Rural,Fair,No,939142
3667,1693,2,1,2,1984,Suburban,Excellent,Yes,730546
3668,1207,3,3,1,1969,Urban,Good,No,579844
3669,2140,2,1,2,1977,Urban,Fair,Yes,787465
3670,3475,4,2,2,1986,Urban,Poor,Yes,975478
3671,3791,3,2,2,1952,Urban,Good,Yes,1128733
3672,2437,2,2,2,2008,Urban,Excellent,No,853408
3673,1289,1,1,2,2022,Suburban,Fair,No,485336
3674,4359,5,3,1,1976,Downtown,Good,Yes,1398463
3675,3549,3,2,2,1981,Suburban,Fair,No,991576
3676,2703,3,1,1,1997,Suburban,Good,Yes,856789
3677,965,2,1,1,1995,Downtown,Poor,No,576629
3678,4175,4,2,1,1996,Downtown,Fair,Yes,1228035
3679,4799,4,2,1,1989,Urban,Good,Yes,1388521
3680,4772,4,3,1,1952,Downtown,Good,Yes,1357207
3681,4925,5,2,1,1978,Suburban,Good,No,1237914
3682,2978,3,1,1,2007,Suburban,Fair,Yes,856407
3683,1805,2,2,2,1999,Suburban,Good,No,589931
3684,4439,4,3,1,1959,Urban,Fair,No,1196310
3685,3335,5,3,2,2010,Urban,Good,Yes,1153786
3686,3947,4,4,3,2010,Suburban,Fair,Yes,1198955
3687,2275,3,2,2,1972,Downtown,Fair,Yes,851946
3688,898,1,1,1,1955,Urban,Good,Yes,466957
3689,1556,2,1,3,2009,Rural,Good,Yes,589439
3690,1714,2,1,1,1976,Urban,Good,No,693042
3691,3105,3,2,1,2004,Suburban,Good,Yes,1004463
3692,2074,2,2,3,1980,Urban,Good,Yes,856712
3693,4326,4,3,3,1979,Downtown,Poor,Yes,1151358
3694,4071,4,2,2,2016,Urban,Good,Yes,1288377
3695,3428,5,4,2,1962,Rural,Poor,Yes,958752
3696,3450,4,3,2,2008,Suburban,Fair,Yes,1132655
3697,3106,4,2,1,2003,Urban,Poor,Yes,912009
3698,4370,4,2,1,1970,Rural,Fair,Yes,1057849
3699,3564,3,2,2,1992,Urban,Excellent,No,1134973
3700,1549,1,1,3,1960,Downtown,Good,Yes,586297
3701,3450,3,2,1,2016,Downtown,Good,Yes,1019149
3702,765,1,1,2,1987,Urban,Good,Yes,512072
3703,4086,4,3,1,1973,Suburban,Excellent,Yes,1171306
3704,3109,3,3,2,2000,Downtown,Good,No,1007440
3705,1519,2,1,2,2010,Rural,Good,Yes,589396
3706,713,1,1,2,1995,Suburban,Excellent,No,398711
3707,4104,5,3,1,1992,Suburban,Good,No,1207348
3708,1591,3,2,2,1976,Suburban,Good,No,595450
3709,4439,4,3,2,1979,Suburban,Good,No,1173006
3710,1858,3,2,1,2012,Urban,Good,Yes,800638
3711,4026,4,2,1,1959,Suburban,Good,No,1027789
3712,1114,1,1,2,1952,Rural,Good,Yes,490768
3713,3796,5,3,2,2009,Suburban,Good,Yes,1178671
3714,3184,5,4,1,1976,Urban,Good,Yes,1098341
3715,667,1,2,2,1994,Urban,Excellent,No,561258
3716,2196,2,1,3,2011,Rural,Good,No,719304
3717,618,1,1,1,1973,Downtown,Good,No,445308
3718,3330,3,2,2,1995,Suburban,Good,Yes,1038445
3719,4121,5,3,1,1993,Urban,Fair,Yes,1248762
3720,1172,1,1,1,2012,Urban,Excellent,Yes,705545
3721,2858,4,2,1,1953,Suburban,Good,No,841180
3722,3502,4,2,2,1965,Downtown,Poor,No,1050471
3723,1250,1,1,3,2000,Urban,Good,No,604439
3724,3187,3,2,1,2023,Downtown,Good,Yes,1118856
3725,3862,4,2,2,1997,Suburban,Fair,No,950902
3726,1938,2,1,2,2014,Downtown,Poor,Yes,782499
3727,4234,4,3,1,2018,Downtown,Good,Yes,1385867
3728,3427,3,1,2,1994,Suburban,Excellent,Yes,1092094
3729,2817,4,3,2,1952,Urban,Fair,Yes,898441
3730,4139,4,2,3,1966,Downtown,Good,No,1324464
3731,1637,2,1,3,1986,Suburban,Good,No,613837
3732,4983,4,2,1,1954,Urban,Poor,No,1228147
3733,4578,5,3,2,1996,Urban,Fair,No,1230497
3734,3561,3,2,1,1993,Rural,Fair,No,864219
3735,3826,3,2,2,1982,Suburban,Excellent,Yes,1151052
3736,1698,2,1,3,1970,Downtown,Excellent,No,744492
3737,2924,3,1,1,2016,Suburban,Fair,Yes,833359
3738,1539,2,2,2,2017,Downtown,Good,No,765781
3739,4316,4,3,2,1981,Urban,Excellent,No,1349874
3740,4014,4,3,2,1973,Rural,Good,Yes,1029594
3741,2048,2,1,1,1984,Urban,Good,Yes,849106
3742,1170,1,1,3,1967,Rural,Fair,Yes,361973
3743,3504,4,2,2,2016,Downtown,Good,Yes,1148749
3744,3105,4,3,1,2003,Downtown,Good,Yes,1186350
3745,1517,1,1,1,1975,Urban,Good,Yes,642918
3746,2474,4,2,2,2009,Urban,Good,No,947571
3747,2278,2,1,1,2014,Suburban,Fair,Yes,675830
3748,1215,2,2,1,2000,Suburban,Fair,Yes,547608
3749,2349,3,2,2,2009,Suburban,Excellent,Yes,1012748
3750,4425,4,2,2,2008,Suburban,Excellent,Yes,1270521
3751,4788,5,3,2,1966,Suburban,Good,Yes,1363311
3752,3077,3,1,2,1970,Rural,Poor,Yes,712398
3753,4105,5,3,2,2016,Urban,Good,No,1214521
3754,4075,4,2,3,1977,Suburban,Good,No,1126652
3755,1735,2,2,1,1993,Urban,Good,Yes,716146
3756,4600,5,3,2,2019,Suburban,Excellent,Yes,1393047
3757,974,2,2,3,2011,Rural,Poor,No,363798
3758,806,1,1,2,1991,Downtown,Good,Yes,668035
3759,1919,2,1,2,1971,Suburban,Fair,Yes,702715
3760,1741,2,2,1,1987,Rural,Good,Yes,601394
3761,3290,4,2,2,1963,Urban,Good,No,1020005
3762,3855,4,3,2,1975,Rural,Good,Yes,1132751
3763,689,1,1,2,1989,Downtown,Fair,Yes,528714
3764,4708,5,3,3,2003,Suburban,Good,Yes,1374019
3765,3620,4,3,1,1962,Rural,Excellent,No,1123993
3766,2457,3,2,1,1968,Urban,Good,Yes,819024
3767,1404,1,1,1,1991,Urban,Fair,Yes,553999
3768,1544,1,1,2,1990,Downtown,Excellent,Yes,758469
3769,3389,5,3,1,1999,Downtown,Fair,Yes,1165704
3770,4475,5,3,2,1952,Urban,Good,Yes,1263015
3771,2210,3,1,1,1980,Suburban,Good,Yes,771583
3772,3523,4,3,2,1964,Rural,Good,Yes,984385
3773,4482,5,3,1,2003,Suburban,Good,Yes,1336857
3774,3821,4,3,3,2002,Suburban,Good,No,1120025
3775,4991,5,4,2,1994,Suburban,Fair,Yes,1338019
3776,2987,2,1,3,1987,Suburban,Good,No,898128
3777,1541,2,1,2,1999,Suburban,Poor,No,499807
3778,3166,3,2,1,1973,Urban,Good,Yes,981601
3779,1575,2,1,1,1966,Urban,Fair,Yes,584142
3780,1554,1,1,3,1967,Downtown,Fair,No,595223
3781,1862,2,1,2,1991,Suburban,Good,Yes,775084
3782,1543,1,1,1,1966,Downtown,Poor,Yes,593769
3783,2802,3,2,2,1965,Urban,Good,Yes,968685
3784,3927,3,1,2,2001,Urban,Good,No,1139317
3785,4874,5,3,1,1985,Rural,Good,Yes,1290127
3786,2859,3,1,1,1988,Suburban,Fair,No,773359
3787,2428,2,1,3,1974,Urban,Fair,No,721474
3788,1857,3,2,1,1991,Suburban,Good,Yes,697338
3789,1064,1,1,1,1970,Rural,Good,Yes,433560
3790,3894,2,2,1,2017,Suburban,Good,Yes,1067885
3791,1830,2,1,1,2008,Urban,Excellent,Yes,844138
3792,3254,2,1,2,1979,Suburban,Excellent,No,1030891
3793,1484,1,1,1,2006,Urban,Poor,Yes,454298
3794,4405,4,2,1,1982,Rural,Fair,Yes,1160229
3795,4456,4,3,3,2002,Suburban,Excellent,No,1261639
3796,3735,4,2,1,1965,Suburban,Poor,Yes,957944
3797,1524,1,1,2,1998,Suburban,Good,No,569482
3798,2146,2,1,2,1954,Rural,Excellent,Yes,599615
3799,1694,1,1,2,2009,Urban,Good,No,622663
3800,3011,3,2,3,2020,Urban,Poor,Yes,942177
3801,3217,4,2,1,2004,Urban,Good,No,967105
3802,1362,2,2,3,1984,Suburban,Good,No,529010
3803,2923,3,3,2,2018,Suburban,Excellent,Yes,1117034
3804,4745,4,2,2,1991,Suburban,Fair,Yes,1249665
3805,3375,4,2,1,2018,Suburban,Good,Yes,1093683
3806,3755,3,2,1,1973,Urban,Good,Yes,1189044
3807,4570,5,3,2,2020,Downtown,Fair,Yes,1432550
3808,2640,2,1,3,2020,Urban,Fair,No,808384
3809,1183,2,1,2,2004,Suburban,Poor,Yes,441009
3810,4931,5,3,1,1963,Suburban,Good,Yes,1363402
3811,2703,4,2,1,2004,Suburban,Excellent,Yes,1003273
3812,2542,4,2,2,1964,Downtown,Fair,Yes,935117
3813,709,1,1,2,1954,Downtown,Poor,Yes,454223
3814,791,1,1,1,1953,Rural,Good,Yes,333631
3815,1503,1,1,1,1979,Downtown,Poor,Yes,573348
3816,1461,2,1,2,2002,Urban,Good,Yes,648544
3817,1683,2,2,2,2022,Downtown,Good,Yes,768601
3818,1249,2,1,2,1979,Suburban,Good,Yes,518797
3819,4734,5,3,3,2010,Urban,Fair,No,1321232
3820,4211,5,3,2,2020,Downtown,Poor,No,1277699
3821,1236,2,1,1,2017,Suburban,Good,Yes,575182
3822,1636,1,1,2,2004,Urban,Fair,No,569676
3823,4731,4,2,3,2020,Downtown,Excellent,Yes,1489082
3824,2748,2,2,3,2022,Suburban,Good,Yes,827923
3825,4465,5,3,3,1991,Suburban,Fair,Yes,1232960
3826,3757,3,2,1,1978,Urban,Excellent,Yes,1201044
3827,4187,4,3,2,1984,Downtown,Fair,No,1179504
3828,3894,4,2,3,1994,Downtown,Good,Yes,1193430
3829,4861,5,3,2,2023,Suburban,Good,Yes,1337115
3830,3030,3,2,1,1978,Suburban,Fair,No,815169
3831,2479,2,1,3,2019,Urban,Excellent,Yes,942433
3832,4566,3,2,2,1952,Urban,Excellent,No,1284851
3833,4313,4,2,1,2006,Downtown,Good,Yes,1353220
3834,4726,5,3,1,2015,Urban,Good,Yes,1384564
3835,4706,5,3,2,1971,Downtown,Excellent,No,1487271
3836,2611,1,1,2,1976,Rural,Good,Yes,656393
3837,3973,3,2,1,1971,Suburban,Fair,Yes,1094941
3838,2743,3,1,2,2023,Urban,Good,Yes,966669
3839,3100,4,2,2,1998,Rural,Excellent,Yes,894986
3840,1889,2,1,2,1973,Downtown,Excellent,Yes,846856
3841,2047,2,1,1,1976,Downtown,Excellent,Yes,963079
3842,3799,3,2,2,1985,Rural,Fair,Yes,1057833
3843,2543,3,2,1,1966,Urban,Good,No,836245
3844,3783,5,4,1,2005,Rural,Poor,Yes,1041493
3845,3816,5,3,2,1959,Suburban,Good,Yes,1094604
3846,3736,3,2,3,2003,Rural,Good,No,941699
3847,3918,5,3,2,2023,Suburban,Fair,Yes,1159369
3848,3382,4,2,1,2023,Downtown,Good,Yes,1141780
3849,1590,2,2,2,1987,Rural,Fair,No,502280
3850,2753,4,3,2,1953,Downtown,Good,No,1018159
3851,825,1,2,3,1999,Suburban,Good,No,497903
3852,1376,1,1,3,2010,Urban,Good,No,656463
3853,3437,4,3,1,1970,Suburban,Fair,No,978660
3854,1287,2,1,1,1985,Suburban,Poor,No,471616
3855,1129,1,1,1,1995,Suburban,Fair,No,468413
3856,4042,5,4,2,2020,Suburban,Good,No,1216623
3857,2753,3,2,1,1993,Suburban,Poor,No,656760
3858,1894,1,1,1,2013,Urban,Good,Yes,658984
3859,2126,2,2,2,1967,Rural,Excellent,Yes,749269
3860,3496,2,1,1,1962,Suburban,Good,Yes,952489
3861,3703,4,1,1,1962,Suburban,Good,No,1096202
3862,3040,3,2,2,1974,Rural,Good,No,759891
3863,4735,5,4,1,1954,Downtown,Fair,No,1382509
3864,4402,4,3,2,1988,Urban,Fair,No,1213919
3865,1444,1,2,3,1978,Suburban,Good,Yes,566693
3866,1046,1,1,1,2006,Downtown,Excellent,Yes,750781
3867,4515,5,3,2,1995,Suburban,Excellent,No,1280302
3868,3709,4,3,3,1982,Rural,Excellent,Yes,1136664
3869,1834,2,1,3,1959,Downtown,Excellent,Yes,891160
3870,826,1,1,2,2007,Rural,Fair,Yes,318637
3871,4743,5,3,2,1974,Rural,Fair,No,1091278
3872,3559,5,3,1,2023,Urban,Good,No,1179206
3873,2430,2,2,2,1988,Suburban,Good,Yes,858116
3874,4379,5,4,3,1965,Downtown,Good,No,1343077
3875,786,1,1,2,2009,Suburban,Excellent,Yes,459590
3876,3477,4,2,2,1977,Urban,Good,No,1073301
3877,3135,2,3,1,1993,Rural,Good,No,830283
3878,2532,3,2,2,2007,Downtown,Poor,No,761093
3879,3524,4,3,2,1981,Suburban,Fair,No,1022373
3880,1448,1,1,2,2012,Suburban,Good,Yes,563429
3881,2632,2,2,1,1994,Downtown,Excellent,No,996864
3882,1852,2,1,2,2002,Suburban,Good,No,758327
3883,2481,3,2,2,2010,Rural,Good,Yes,791553
3884,869,2,1,1,1999,Suburban,Excellent,No,519184
3885,2230,2,2,1,1976,Suburban,Fair,No,665032
3886,3803,3,2,1,1975,Suburban,Fair,No,973201
3887,2174,2,1,2,1952,Suburban,Good,No,619451
3888,3492,5,2,2,1988,Downtown,Good,Yes,1211247
3889,2295,1,1,3,2014,Suburban,Excellent,No,768543
3890,3858,3,2,1,1984,Suburban,Poor,Yes,960483
3891,3862,4,2,3,2002,Suburban,Good,Yes,1121596
3892,2045,2,1,2,1995,Downtown,Fair,Yes,800050
3893,819,1,1,2,2017,Urban,Good,Yes,498260
3894,652,1,1,1,1971,Suburban,Poor,No,280641
3895,2357,3,2,1,2009,Downtown,Good,Yes,956425
3896,2266,2,1,3,1955,Urban,Good,Yes,794288
3897,3385,3,2,1,2001,Urban,Good,Yes,994198
3898,1319,2,2,1,2022,Suburban,Good,Yes,588013
3899,1005,1,1,1,2022,Rural,Good,No,398260
3900,2894,4,3,3,1978,Rural,Excellent,No,872905
3901,671,2,2,1,1992,Urban,Fair,No,448926
3902,2653,2,1,1,2023,Urban,Fair,Yes,905454
3903,1829,1,2,2,1983,Rural,Good,Yes,616144
3904,2167,3,2,2,1980,Rural,Good,Yes,653801
3905,4282,4,2,2,1995,Downtown,Good,Yes,1430660
3906,3553,3,2,2,1953,Suburban,Good,No,954330
3907,1298,1,1,3,1951,Urban,Fair,No,507328
3908,1426,1,1,3,1954,Suburban,Fair,Yes,476608
3909,948,1,1,2,1995,Downtown,Fair,Yes,558097
3910,4508,4,2,1,1968,Rural,Excellent,Yes,1267393
3911,907,2,2,2,1987,Suburban,Excellent,No,501050
3912,4016,5,3,1,2008,Urban,Fair,Yes,1187137
3913,2934,4,1,1,2021,Suburban,Poor,No,819600
3914,3409,4,3,3,1969,Urban,Poor,No,902129
3915,4158,5,3,3,2017,Downtown,Fair,No,1334234
3916,4077,5,4,2,2002,Urban,Excellent,Yes,1328852
3917,3286,4,2,3,2004,Suburban,Good,No,1017024
3918,3585,3,2,3,1988,Downtown,Fair,No,1038884
3919,875,1,1,2,1985,Urban,Good,Yes,465291
3920,3147,4,3,2,2007,Urban,Fair,Yes,1033072
3921,3364,4,3,2,1964,Suburban,Good,No,1072334
3922,936,1,1,1,1950,Urban,Good,No,405147
3923,2573,3,2,1,1958,Downtown,Good,Yes,971954
3924,3579,4,2,2,1972,Urban,Fair,Yes,1120777
3925,4568,5,4,1,2001,Urban,Good,Yes,1420393
3926,1510,2,2,1,1975,Suburban,Good,Yes,602893
3927,2596,3,3,1,2009,Rural,Poor,No,696058
3928,3729,4,3,2,1967,Downtown,Poor,Yes,1186130
3929,4804,5,4,3,2007,Suburban,Fair,Yes,1397925
3930,4357,4,3,2,2014,Downtown,Good,Yes,1374390
3931,927,1,1,2,2018,Downtown,Fair,Yes,511526
3932,2399,2,2,3,1963,Urban,Poor,No,792496
3933,914,1,1,3,1995,Suburban,Fair,No,417631
3934,4145,4,2,2,2018,Rural,Good,No,1076036
3935,1734,1,1,3,1981,Suburban,Poor,No,525876
3936,3346,4,3,2,2000,Downtown,Good,Yes,1079730
3937,2120,1,1,1,2018,Suburban,Good,Yes,741232
3938,755,1,1,1,1964,Suburban,Good,Yes,438972
3939,2324,2,1,2,2002,Suburban,Good,No,757928
3940,3943,5,3,2,2020,Rural,Good,Yes,1192229
3941,1486,2,2,2,2018,Downtown,Excellent,No,805372
3942,3673,3,2,2,1964,Suburban,Good,No,1036348
3943,3405,3,2,1,1979,Urban,Good,Yes,1073245
3944,1321,1,1,1,1973,Suburban,Good,No,535881
3945,1512,2,1,2,1984,Suburban,Good,Yes,596869
3946,3957,3,2,1,2018,Urban,Fair,No,1112640
3947,1470,1,1,2,1961,Rural,Fair,Yes,415572
3948,4708,4,2,2,1995,Downtown,Good,Yes,1414301
3949,1097,1,1,2,2018,Downtown,Poor,Yes,544912
3950,2356,2,2,1,1985,Rural,Fair,Yes,615057
3951,1717,1,1,2,1997,Downtown,Fair,No,682968
3952,4009,5,4,3,2016,Urban,Excellent,No,1260767
3953,3428,4,3,3,2003,Suburban,Poor,Yes,947902
3954,2247,2,1,3,1985,Suburban,Good,Yes,795508
3955,3583,4,4,2,2001,Rural,Excellent,Yes,1091242
3956,742,1,1,1,1971,Suburban,Good,Yes,438997
3957,3361,3,2,2,1987,Suburban,Good,Yes,1109562
3958,4035,4,2,3,2011,Rural,Good,Yes,1030381
3959,3031,4,3,1,2014,Suburban,Good,Yes,1016217
3960,2448,3,2,1,1952,Urban,Fair,Yes,875730
3961,3296,4,2,1,1957,Suburban,Excellent,Yes,1052948
3962,2317,2,1,2,1988,Downtown,Poor,Yes,774246
3963,3672,4,3,2,1967,Downtown,Excellent,Yes,1248724
3964,1667,2,2,1,1952,Suburban,Fair,Yes,534377
3965,3386,4,3,3,1967,Rural,Good,Yes,895801
3966,4391,5,3,2,1950,Urban,Good,Yes,1271917
3967,1888,2,1,1,1975,Downtown,Excellent,Yes,831194
3968,4471,4,1,1,2001,Urban,Good,No,1236311
3969,2406,2,1,1,1961,Urban,Excellent,No,859285
3970,2104,2,1,2,1987,Urban,Good,Yes,813055
3971,3908,4,2,1,1990,Suburban,Good,Yes,1132894
3972,3551,5,3,2,2002,Downtown,Good,No,1221902
3973,671,1,1,2,1962,Urban,Poor,Yes,356709
3974,2290,1,1,2,1962,Rural,Good,No,569860
3975,1944,1,1,1,1967,Suburban,Fair,Yes,626267
3976,3903,4,2,2,1968,Downtown,Good,Yes,1221106
3977,3713,3,1,3,1968,Urban,Good,Yes,1110127
3978,1482,2,2,1,2019,Downtown,Excellent,No,894130
3979,4834,4,3,1,1997,Rural,Good,No,1258279
3980,3262,4,1,2,2020,Urban,Good,No,1027754
3981,2104,2,2,2,2020,Rural,Good,No,600185
3982,3063,3,2,1,1977,Suburban,Excellent,Yes,1037567
3983,3153,3,2,2,1968,Suburban,Excellent,Yes,880072
3984,1332,1,1,2,1997,Urban,Good,No,557394
3985,2348,1,2,3,1978,Rural,Good,No,580555
3986,4524,5,3,1,1997,Downtown,Fair,No,1295948
3987,1023,1,1,2,1968,Downtown,Fair,Yes,517041
3988,4078,4,2,1,1996,Urban,Excellent,No,1241215
3989,2191,3,2,2,2009,Suburban,Excellent,No,824150
3990,1092,2,1,2,1997,Urban,Good,No,602580
3991,791,3,2,2,1969,Rural,Excellent,Yes,534299
3992,1098,2,1,3,1968,Downtown,Good,No,649205
3993,1856,2,1,1,1991,Suburban,Good,Yes,602708
3994,2568,2,1,2,1998,Downtown,Good,Yes,922947
3995,4922,5,3,1,1964,Urban,Good,No,1381675
3996,2786,2,2,2,2009,Urban,Good,No,909476
3997,1416,2,1,1,2017,Rural,Fair,Yes,460520
3998,3820,3,2,3,1976,Downtown,Good,Yes,1172813
3999,2073,3,1,3,2004,Suburban,Good,Yes,858680
4000,1686,2,2,3,1964,Urban,Excellent,No,759999
4001,4799,5,4,1,2001,Suburban,Good,No,1239374
4002,2474,2,2,2,1980,Urban,Fair,Yes,751915
4003,1470,2,2,1,1956,Downtown,Good,Yes,602722
4004,2642,4,2,3,1962,Suburban,Fair,Yes,782353
4005,872,1,1,2,2003,Urban,Fair,No,393422
4006,1629,1,1,2,1962,Urban,Good,Yes,691390
4007,3818,5,3,2,1969,Downtown,Fair,Yes,1237487
4008,4669,4,3,1,1959,Suburban,Good,No,1186153
4009,1651,2,1,2,2001,Urban,Good,Yes,666119
4010,4633,5,2,1,1986,Downtown,Poor,Yes,1264443
4011,2173,2,2,3,2001,Suburban,Good,No,710094
4012,3790,5,4,3,1976,Downtown,Fair,No,1203509
4013,4988,5,3,2,1983,Suburban,Poor,No,1209309
4014,4397,4,2,3,2011,Suburban,Fair,Yes,1200397
4015,3889,5,3,1,1965,Rural,Fair,Yes,969063
4016,4347,5,4,3,2008,Downtown,Good,Yes,1428479
4017,2705,3,2,1,1970,Suburban,Good,No,830360
4018,907,1,1,2,1965,Urban,Good,Yes,459078
4019,3959,4,2,2,1962,Urban,Poor,No,1006626
4020,3776,3,2,1,1982,Urban,Poor,No,970246
4021,1851,2,2,2,2003,Urban,Good,No,766449
4022,3347,4,3,1,2018,Urban,Good,No,1131220
4023,2117,1,1,3,1976,Suburban,Good,Yes,699157
4024,1978,2,1,1,2001,Urban,Fair,No,675045
4025,2561,2,2,2,2014,Downtown,Excellent,No,981614
4026,4905,4,2,2,1993,Urban,Fair,Yes,1379800
4027,3463,2,1,1,1979,Urban,Good,Yes,1078299
4028,3256,3,2,2,1972,Urban,Fair,No,975588
4029,3094,3,2,2,1965,Downtown,Good,No,1032741
4030,4605,5,4,1,2004,Urban,Good,No,1370732
4031,4163,3,2,2,1967,Suburban,Fair,Yes,1093583
4032,1522,2,1,1,1966,Downtown,Fair,Yes,608897
4033,4832,5,3,1,2001,Suburban,Excellent,Yes,1389327
4034,3559,5,4,2,1994,Rural,Excellent,No,1115154
4035,783,1,1,2,2005,Downtown,Good,Yes,553745
4036,3958,5,4,3,2003,Downtown,Excellent,Yes,1354370
4037,1998,3,2,3,1958,Suburban,Poor,No,600381
4038,3396,3,3,2,1966,Downtown,Good,Yes,1054505
4039,1136,1,2,2,1976,Suburban,Fair,Yes,564873
4040,1873,3,2,1,1986,Urban,Good,Yes,739615
4041,3567,2,1,1,1971,Urban,Good,Yes,1014470
4042,3649,3,2,2,2021,Downtown,Poor,Yes,1152096
4043,1696,1,1,3,2016,Urban,Good,Yes,820718
4044,1905,2,2,1,1987,Downtown,Good,Yes,795208
4045,1515,1,1,1,2021,Urban,Good,Yes,614854
4046,3681,4,3,2,1993,Downtown,Excellent,No,1284573
4047,4847,5,4,1,1985,Suburban,Excellent,Yes,1422588
4048,1628,1,1,2,1974,Urban,Poor,No,505309
4049,2577,2,1,2,1991,Suburban,Good,No,788218
4050,3954,4,3,2,1962,Urban,Good,Yes,1214488
4051,3111,3,2,1,2005,Downtown,Fair,Yes,1111273
4052,870,1,1,3,2000,Downtown,Excellent,Yes,603184
4053,1786,3,1,1,1999,Suburban,Poor,Yes,675053
4054,4800,5,3,3,2001,Urban,Poor,Yes,1317555
4055,4364,5,3,2,1982,Downtown,Fair,Yes,1365884
4056,2998,3,2,3,1974,Urban,Fair,Yes,949864
4057,4835,5,3,2,2007,Rural,Poor,No,1169929
4058,4782,5,3,1,1989,Suburban,Good,Yes,1342592
4059,2311,2,1,3,1987,Urban,Good,Yes,791310
4060,2830,3,1,2,1952,Suburban,Good,Yes,928453
4061,728,1,1,1,1965,Urban,Fair,Yes,432756
4062,1869,3,2,1,1951,Downtown,Good,Yes,811900
4063,4272,5,3,2,1972,Suburban,Good,No,1191096
4064,2201,3,2,2,1979,Suburban,Good,No,687529
4065,4570,5,4,2,1959,Urban,Fair,Yes,1336719
4066,4844,5,3,2,2014,Suburban,Poor,Yes,1314769
4067,1227,1,1,2,1971,Suburban,Fair,No,461605
4068,4397,5,3,2,2001,Downtown,Good,Yes,1401911
4069,2644,3,2,2,2005,Urban,Poor,Yes,828871
4070,4152,5,4,1,1982,Urban,Good,No,1303962
4071,2941,3,2,3,1979,Downtown,Good,Yes,1067981
4072,3814,4,4,1,1973,Suburban,Excellent,No,1172842
4073,849,1,1,2,1954,Downtown,Excellent,Yes,539588
4074,3525,3,2,2,2002,Downtown,Excellent,Yes,1136835
4075,1574,1,1,2,2004,Rural,Excellent,Yes,706702
4076,1925,3,1,1,1972,Rural,Good,Yes,658075
4077,1583,1,1,1,1959,Suburban,Excellent,Yes,678858
4078,1488,1,1,2,1982,Suburban,Good,Yes,504625
4079,3537,4,3,3,2011,Suburban,Good,No,1133880
4080,2717,3,3,2,1976,Suburban,Good,Yes,886962
4081,3272,4,3,2,1956,Downtown,Good,Yes,1128432
4082,1926,1,1,1,1976,Urban,Excellent,No,737726
4083,1070,2,1,1,2023,Suburban,Fair,Yes,506097
4084,2587,2,1,1,1959,Urban,Poor,No,697080
4085,690,1,1,1,2006,Downtown,Good,Yes,505576
4086,1129,1,2,2,1979,Suburban,Good,No,523050
4087,4659,5,3,1,1952,Downtown,Excellent,No,1374511
4088,3373,3,2,1,1978,Urban,Excellent,Yes,1058662
4089,2286,4,4,2,1963,Urban,Fair,Yes,863628
4090,791,1,1,3,1974,Downtown,Fair,Yes,459971
4091,2586,2,1,3,1959,Suburban,Good,Yes,856960
4092,4223,5,2,2,1998,Suburban,Excellent,No,1309206
4093,2785,4,3,1,1987,Suburban,Poor,No,780530
4094,1608,1,1,2,2020,Urban,Poor,No,535691
4095,4383,5,4,1,1963,Urban,Fair,Yes,1261508
4096,4898,5,4,2,1979,Suburban,Good,No,1260222
4097,4887,5,3,2,1989,Urban,Fair,Yes,1302022
4098,2652,3,2,2,1961,Urban,Excellent,No,960429
4099,3908,4,2,3,1963,Suburban,Good,No,1112567
4100,2316,1,1,2,1950,Rural,Excellent,No,642193
4101,910,1,1,2,2017,Rural,Good,Yes,410639
4102,1860,2,2,1,1998,Downtown,Good,No,801880
4103,4532,5,4,3,1967,Downtown,Good,No,1311129
4104,3868,3,2,1,1985,Suburban,Good,Yes,1167985
4105,1184,2,1,3,2013,Downtown,Fair,No,657077
4106,3399,4,3,1,1977,Downtown,Good,Yes,1131791
4107,959,1,1,1,1981,Downtown,Good,Yes,590950
4108,3466,5,3,3,2021,Urban,Poor,No,1124655
4109,2611,3,2,1,1974,Urban,Poor,Yes,744300
4110,4606,5,3,3,1996,Urban,Poor,Yes,1344991
4111,2225,3,2,1,1969,Rural,Poor,Yes,595125
4112,3364,5,4,3,1982,Urban,Good,No,1163212
4113,1490,2,1,2,1979,Urban,Fair,No,607753
4114,1331,2,1,2,1986,Suburban,Fair,Yes,537329
4115,4561,4,3,2,2002,Downtown,Good,No,1415183
4116,3104,3,2,1,2023,Rural,Excellent,Yes,945207
4117,1214,1,1,3,2018,Urban,Fair,Yes,571340
4118,4406,5,4,1,1957,Rural,Fair,No,1069363
4119,2319,3,1,2,1950,Urban,Good,Yes,778926
4120,2187,3,3,2,1956,Suburban,Good,No,758293
4121,2211,1,1,2,2011,Suburban,Good,No,739120
4122,1496,1,1,1,2007,Rural,Good,Yes,457293
4123,877,2,1,1,2022,Suburban,Good,No,494112
4124,2236,1,1,1,1957,Suburban,Excellent,Yes,792410
4125,2758,3,2,3,2013,Suburban,Excellent,Yes,1051149
4126,3032,4,2,1,1957,Suburban,Good,Yes,927697
4127,4504,5,4,3,1952,Rural,Excellent,Yes,1245548
4128,3862,3,1,1,2007,Urban,Good,No,1124036
4129,2049,2,1,1,1981,Downtown,Good,Yes,823392
4130,1832,3,2,2,2017,Downtown,Good,Yes,858814
4131,4717,5,2,1,1998,Urban,Excellent,No,1369583
4132,1277,1,1,2,1987,Suburban,Excellent,No,582845
4133,3258,3,1,3,1951,Downtown,Fair,Yes,1028507
4134,2628,4,3,1,1958,Suburban,Good,No,827525
4135,4358,5,4,2,1995,Suburban,Excellent,Yes,1347672
4136,2637,2,1,2,2014,Suburban,Good,Yes,782688
4137,3249,4,3,1,1998,Suburban,Fair,No,958732
4138,1256,2,1,1,1978,Downtown,Fair,Yes,622818
4139,765,1,1,3,1978,Rural,Good,No,295000
4140,1189,1,1,1,1982,Downtown,Good,No,577385
4141,3421,4,3,3,1977,Suburban,Fair,Yes,1000268
4142,4858,5,4,2,1975,Downtown,Good,No,1499329
4143,1862,3,2,1,1978,Downtown,Excellent,Yes,819239
4144,671,1,1,2,1960,Rural,Fair,Yes,338022
4145,4116,5,3,3,1983,Suburban,Fair,Yes,1242744
4146,4180,4,3,2,1997,Urban,Excellent,No,1181995
4147,868,2,2,2,1976,Suburban,Excellent,Yes,596575
4148,2376,3,1,3,2021,Urban,Fair,Yes,868710
4149,3062,3,2,1,1989,Downtown,Good,Yes,979095
4150,1868,2,2,3,1980,Suburban,Good,No,661589
4151,1615,1,1,3,2014,Suburban,Fair,Yes,573593
4152,3322,4,3,2,1988,Rural,Excellent,Yes,997282
4153,1683,2,1,3,1973,Suburban,Good,Yes,620242
4154,4701,5,3,2,2017,Suburban,Good,No,1360907
4155,1006,2,1,2,1972,Urban,Fair,No,476605
4156,3676,4,2,2,2010,Urban,Excellent,No,1160347
4157,1585,2,1,2,1976,Urban,Fair,No,531661
4158,4203,5,4,2,1965,Rural,Good,No,1176138
4159,1309,1,1,1,1994,Downtown,Good,Yes,725773
4160,3218,3,3,2,1976,Urban,Fair,Yes,982583
4161,2011,1,1,1,2022,Suburban,Excellent,No,714115
4162,2085,2,2,1,1954,Downtown,Fair,Yes,874020
4163,3550,4,3,1,2008,Rural,Good,No,1026797
4164,3534,3,2,3,2021,Downtown,Excellent,Yes,1301766
4165,4714,5,3,2,1984,Suburban,Good,No,1271170
4166,1603,1,1,2,2019,Urban,Good,No,607125
4167,3066,2,2,1,1995,Downtown,Good,No,1048364
4168,3066,4,2,2,2005,Suburban,Good,Yes,1015532
4169,2538,1,1,1,1973,Suburban,Fair,Yes,707709
4170,2539,3,1,1,1959,Downtown,Fair,Yes,872177
4171,2235,3,2,2,1987,Urban,Good,Yes,925542
4172,2298,3,2,2,2019,Urban,Good,Yes,853730
4173,2691,2,1,1,1997,Urban,Good,Yes,882917
4174,2495,3,3,2,1958,Urban,Fair,Yes,812676
4175,4840,5,3,3,1999,Suburban,Good,No,1360562
4176,3998,4,3,1,2018,Urban,Good,No,1236485
4177,1673,2,1,1,1997,Urban,Fair,Yes,651655
4178,3002,4,2,2,1988,Urban,Excellent,Yes,1156660
4179,3812,4,4,1,1954,Downtown,Fair,No,1120444
4180,4637,5,2,3,1960,Suburban,Good,Yes,1314952
4181,1751,2,2,2,2009,Suburban,Excellent,No,781582
4182,3045,4,4,2,1976,Urban,Fair,Yes,993410
4183,2556,2,2,2,1956,Downtown,Good,No,856931
4184,4507,4,3,2,2009,Downtown,Good,No,1355074
4185,1407,2,1,1,1999,Suburban,Fair,Yes,474854
4186,786,1,1,3,2016,Suburban,Excellent,Yes,602628
4187,1907,3,2,2,2018,Suburban,Good,Yes,770841
4188,2884,3,1,1,2004,Rural,Good,Yes,749452
4189,1357,1,1,2,1965,Suburban,Fair,Yes,469607
4190,4831,5,3,1,1961,Suburban,Excellent,Yes,1438107
4191,4454,4,1,1,1976,Downtown,Good,No,1250317
4192,4866,5,3,2,1982,Urban,Good,No,1444014
4193,2806,3,2,2,2004,Urban,Excellent,Yes,1015729
4194,4158,5,4,2,2001,Suburban,Good,Yes,1200407
4195,2180,3,2,1,1986,Urban,Good,Yes,726536
4196,1561,3,3,2,1964,Suburban,Excellent,No,795140
4197,4447,5,4,1,2014,Suburban,Good,Yes,1278146
4198,4175,4,3,2,2017,Downtown,Good,Yes,1315845
4199,1475,1,1,2,1952,Suburban,Fair,No,459483
4200,3018,3,2,2,2021,Downtown,Good,Yes,1092918
4201,4798,5,3,3,1954,Urban,Good,Yes,1342411
4202,1601,1,1,3,1958,Suburban,Fair,Yes,600506
4203,3984,5,3,3,1950,Suburban,Fair,No,1111878
4204,4666,5,4,3,1979,Urban,Good,Yes,1461076
4205,3445,3,3,2,2020,Urban,Good,No,997555
4206,2081,3,2,3,1969,Urban,Good,Yes,841091
4207,3901,4,3,3,1976,Downtown,Excellent,No,1314906
4208,1257,1,1,2,2012,Rural,Good,Yes,488937
4209,3380,4,3,1,1980,Urban,Excellent,Yes,1125237
4210,1022,1,1,1,1968,Rural,Poor,Yes,227391
4211,4281,5,4,3,2011,Rural,Good,Yes,1180273
4212,4866,3,2,2,1956,Urban,Poor,No,1231765
4213,3310,3,3,3,1986,Urban,Excellent,No,1124842
4214,1052,2,1,1,2020,Suburban,Good,Yes,533110
4215,2997,3,1,2,1957,Urban,Fair,Yes,879720
4216,2575,2,1,2,2006,Suburban,Good,Yes,872931
4217,2257,3,2,3,1977,Downtown,Good,Yes,962562
4218,3141,3,3,1,1966,Urban,Excellent,No,992964
4219,3675,4,2,3,1960,Downtown,Good,No,1094505
4220,3764,5,4,2,1964,Urban,Good,No,1192907
4221,3566,4,2,1,1979,Suburban,Excellent,Yes,1165853
4222,2653,2,2,2,1955,Rural,Excellent,Yes,841111
4223,887,1,1,1,1961,Urban,Poor,Yes,458147
4224,3817,5,4,1,2010,Urban,Good,Yes,1237445
4225,4454,4,3,2,1985,Urban,Good,Yes,1319563
4226,2047,4,3,1,1984,Downtown,Good,Yes,903058
4227,1207,2,1,1,2016,Suburban,Good,No,566700
4228,2364,3,1,3,2012,Suburban,Good,Yes,803915
4229,1825,2,2,2,1989,Downtown,Excellent,Yes,874519
4230,1835,2,2,2,1980,Suburban,Good,No,729103
4231,1629,2,2,1,1986,Suburban,Good,Yes,609158
4232,3271,3,3,3,1954,Downtown,Excellent,Yes,1078012
4233,4562,5,2,3,1953,Suburban,Fair,Yes,1244154
4234,3777,3,1,2,1975,Urban,Fair,No,1116832
4235,4322,4,2,3,1973,Suburban,Fair,Yes,1134516
4236,2075,3,2,3,1988,Urban,Good,Yes,891627
4237,3496,3,2,2,2005,Downtown,Excellent,Yes,1217140
4238,1408,2,1,2,2003,Suburban,Fair,No,479323
4239,1578,1,1,1,1987,Suburban,Poor,No,479368
4240,3063,4,2,1,2003,Suburban,Good,Yes,913680
4241,1325,1,1,1,1968,Downtown,Good,Yes,698883
4242,3101,4,3,1,1975,Suburban,Good,Yes,987926
4243,3962,4,2,1,2001,Urban,Good,Yes,1115531
4244,1816,1,1,3,2010,Suburban,Fair,Yes,710388
4245,4651,5,3,1,2016,Suburban,Good,No,1336118
4246,2797,3,2,3,1971,Urban,Poor,No,832517
4247,3406,3,1,2,1966,Downtown,Poor,No,989682
4248,1378,2,2,1,1960,Suburban,Fair,No,377805
4249,1572,1,1,2,1988,Suburban,Good,Yes,570018
4250,3410,3,2,1,2010,Rural,Fair,Yes,1012758
4251,2723,2,2,3,1998,Urban,Good,Yes,940389
4252,1198,1,1,3,2010,Suburban,Good,No,498806
4253,3941,4,2,1,1961,Suburban,Excellent,No,1137036
4254,824,3,1,3,1962,Suburban,Good,No,424208
4255,1440,2,1,2,2007,Suburban,Fair,Yes,638842
4256,2414,3,2,1,1960,Downtown,Excellent,No,908001
4257,1706,2,2,2,2013,Suburban,Poor,Yes,523122
4258,724,1,1,2,1980,Urban,Good,Yes,492099
4259,3846,4,2,1,1960,Urban,Excellent,Yes,1240895
4260,3531,4,2,2,1992,Urban,Good,Yes,1151218
4261,4725,5,2,1,1985,Urban,Good,Yes,1284946
4262,3571,2,2,2,1951,Urban,Fair,Yes,943784
4263,2617,2,1,1,2010,Urban,Poor,No,642396
4264,3015,3,1,3,1985,Suburban,Good,No,930640
4265,3696,3,2,2,1998,Downtown,Good,Yes,1208715
4266,2209,2,1,1,1976,Urban,Fair,No,709232
4267,1317,2,1,1,1961,Suburban,Fair,No,436417
4268,4161,5,3,1,2007,Downtown,Good,No,1223628
4269,1616,2,1,2,1955,Suburban,Good,No,535244
4270,4165,5,3,1,1993,Urban,Excellent,No,1347987
4271,2560,3,2,3,1996,Suburban,Good,Yes,897419
4272,1648,2,1,3,1972,Urban,Good,Yes,613786
4273,1957,2,1,2,2023,Urban,Fair,Yes,714793
4274,4026,3,2,1,1975,Suburban,Fair,No,1044530
4275,715,1,1,2,1956,Downtown,Fair,No,432844
4276,2695,2,1,2,1981,Suburban,Good,No,729082
4277,2401,4,2,2,1982,Suburban,Good,Yes,830507
4278,2746,3,2,2,1969,Suburban,Excellent,No,869257
4279,2220,1,1,2,2018,Urban,Excellent,Yes,855009
4280,3550,4,3,2,2001,Suburban,Fair,No,1030750
4281,4392,5,2,3,1991,Urban,Excellent,Yes,1351861
4282,3541,4,2,1,1950,Downtown,Good,Yes,1160156
4283,1577,2,2,2,2012,Urban,Fair,No,707993
4284,3666,2,1,2,1956,Suburban,Good,Yes,1126493
4285,1383,1,1,1,2007,Rural,Good,Yes,452381
4286,840,1,1,2,1999,Downtown,Good,Yes,585424
4287,2153,2,2,3,1983,Rural,Good,Yes,614742
4288,1612,3,1,2,2000,Suburban,Fair,No,565248
4289,786,1,1,1,1959,Urban,Poor,Yes,420604
4290,2481,2,1,1,1975,Suburban,Fair,No,581132
4291,1030,1,1,1,1981,Downtown,Excellent,No,593126
4292,838,1,2,1,1991,Suburban,Excellent,No,495283
4293,2945,3,2,3,2011,Suburban,Excellent,No,919355
4294,675,1,1,2,1961,Urban,Fair,No,391163
4295,1956,3,2,1,1989,Rural,Fair,Yes,624447
4296,2930,4,3,3,1983,Downtown,Excellent,Yes,1130561
4297,2502,3,3,2,2019,Suburban,Excellent,Yes,985715
4298,4613,5,4,1,1976,Downtown,Poor,Yes,1286139
4299,2659,3,1,2,1957,Suburban,Good,Yes,849376
4300,740,2,2,1,1996,Suburban,Fair,No,401182
4301,2389,2,1,3,1975,Suburban,Excellent,No,816773
4302,4226,4,3,2,2006,Urban,Poor,Yes,1171398
4303,616,1,1,3,1956,Rural,Excellent,Yes,338400
4304,4948,5,4,1,1975,Urban,Poor,Yes,1261722
4305,1064,1,1,3,2008,Urban,Good,No,516493
4306,2427,3,1,1,2018,Urban,Good,No,813252
4307,3628,5,4,3,1996,Suburban,Good,Yes,1190526
4308,1119,2,2,3,1984,Urban,Good,Yes,624463
4309,689,1,1,2,1979,Suburban,Good,Yes,406519
4310,3451,4,2,2,1999,Suburban,Poor,Yes,871068
4311,3443,5,4,2,1973,Suburban,Good,Yes,1078207
4312,2484,3,2,3,1979,Downtown,Poor,Yes,810020
4313,4771,5,4,1,2003,Suburban,Fair,Yes,1394225
4314,1525,1,1,2,2016,Downtown,Good,Yes,726530
4315,4334,4,3,3,1981,Rural,Poor,No,1111591
4316,1569,1,1,2,1957,Suburban,Excellent,Yes,634680
4317,1694,2,1,2,1999,Suburban,Good,No,706968
4318,3795,3,2,3,1996,Suburban,Good,Yes,1123371
4319,2004,2,1,1,1995,Urban,Fair,No,677903
4320,3964,4,2,2,1984,Urban,Poor,No,1145861
4321,4890,5,4,1,2010,Urban,Excellent,Yes,1471643
4322,4582,4,2,1,2000,Downtown,Fair,Yes,1286244
4323,4923,5,4,2,2012,Rural,Excellent,No,1377073
4324,4613,5,3,2,1957,Urban,Fair,Yes,1421649
4325,3692,4,3,2,1983,Rural,Good,Yes,1027090
4326,4759,5,4,2,1974,Rural,Good,No,1262711
4327,2674,4,3,1,1993,Suburban,Excellent,Yes,1019904
4328,884,1,1,1,1992,Suburban,Poor,Yes,431194
4329,1787,1,1,2,1999,Downtown,Fair,No,712616
4330,4569,4,3,2,1962,Urban,Good,Yes,1375468
4331,3565,2,1,2,1995,Suburban,Fair,No,950135
4332,4919,5,3,2,2002,Downtown,Fair,No,1415257
4333,1383,1,1,3,2012,Downtown,Poor,No,525050
4334,1549,1,1,2,1951,Suburban,Good,No,504134
4335,4539,4,4,1,1989,Rural,Good,Yes,1196511
4336,644,1,1,3,1972,Rural,Excellent,Yes,430886
4337,2410,2,2,3,2008,Downtown,Fair,No,883914
4338,2681,3,2,2,2018,Rural,Fair,No,837961
4339,4098,5,3,3,1983,Suburban,Good,Yes,1138813
4340,1429,1,1,2,2023,Suburban,Poor,No,464169
4341,2509,2,1,2,1976,Urban,Good,Yes,925207
4342,3181,3,2,1,2004,Suburban,Good,No,875342
4343,1291,1,1,2,1953,Suburban,Fair,No,399674
4344,4619,5,2,1,2017,Suburban,Good,No,1291451
4345,1531,2,2,1,2021,Urban,Excellent,No,767731
4346,4006,5,4,1,2019,Suburban,Excellent,Yes,1235499
4347,747,1,2,1,1976,Rural,Good,No,406920
4348,1632,1,1,2,1996,Rural,Good,No,537018
4349,1911,2,2,2,1989,Urban,Good,Yes,698927
4350,987,1,1,1,1976,Urban,Excellent,Yes,626612
4351,3721,5,3,3,1956,Urban,Excellent,Yes,1295555
4352,2473,4,3,1,1972,Suburban,Excellent,No,889113
4353,4188,4,3,2,2013,Suburban,Good,No,1175688
4354,1515,2,2,1,1978,Downtown,Poor,Yes,571503
4355,2478,3,3,1,2010,Rural,Excellent,Yes,841005
4356,4348,5,4,1,1993,Suburban,Excellent,Yes,1385292
4357,877,2,1,2,2018,Downtown,Excellent,No,580749
4358,2577,2,1,2,1976,Urban,Good,No,779315
4359,2459,3,1,1,1961,Downtown,Good,Yes,903326
4360,3636,4,3,2,1966,Suburban,Fair,Yes,1071206
4361,3971,5,3,1,1986,Downtown,Excellent,No,1346392
4362,2782,3,2,3,1983,Suburban,Excellent,Yes,935539
4363,1770,2,1,2,1985,Suburban,Fair,No,570553
4364,1089,1,1,1,1955,Urban,Good,Yes,495012
4365,3125,3,2,2,1981,Downtown,Fair,Yes,1029546
4366,1782,1,1,3,2022,Suburban,Good,Yes,706932
4367,4858,4,3,2,1971,Urban,Fair,Yes,1311788
4368,3088,3,2,2,1959,Rural,Good,No,832130
4369,2476,3,2,2,1978,Urban,Fair,No,799858
4370,3062,3,3,2,1960,Downtown,Good,Yes,989186
4371,2230,2,1,3,2015,Suburban,Good,No,809023
4372,887,2,2,3,2005,Suburban,Fair,Yes,547449
4373,4882,5,3,2,2007,Downtown,Excellent,Yes,1471601
4374,2507,4,4,2,2001,Urban,Good,No,1041952
4375,1761,2,2,2,2010,Suburban,Good,Yes,720277
4376,729,1,2,2,1966,Downtown,Excellent,No,605060
4377,2963,3,2,3,1979,Downtown,Fair,No,943222
4378,743,1,1,2,2021,Suburban,Good,Yes,478394
4379,615,1,1,2,1986,Suburban,Poor,Yes,343958
4380,844,1,2,1,1954,Suburban,Good,No,488507
4381,1526,2,1,2,1975,Urban,Fair,No,522278
4382,3778,2,1,3,2019,Urban,Good,Yes,1176143
4383,2776,3,3,2,1950,Suburban,Good,No,834624
4384,1486,1,1,1,1958,Suburban,Good,Yes,605623
4385,940,1,1,1,2020,Suburban,Good,Yes,428046
4386,2651,2,1,2,2013,Urban,Fair,No,808553
4387,3998,5,4,3,1973,Urban,Poor,Yes,1083971
4388,4550,4,3,3,1954,Suburban,Good,No,1198492
4389,905,2,2,3,2000,Suburban,Poor,Yes,428425
4390,1507,2,1,2,1987,Downtown,Excellent,No,767846
4391,3254,2,1,2,1978,Downtown,Good,No,933162
4392,4392,4,1,2,1995,Rural,Good,Yes,1214327
4393,4642,5,3,2,2001,Rural,Poor,Yes,1245472
4394,1971,1,1,2,1995,Urban,Good,Yes,734828
4395,920,2,1,2,2017,Urban,Excellent,No,545692
4396,4659,5,3,2,2008,Downtown,Excellent,Yes,1448306
4397,1731,2,3,1,1959,Urban,Poor,No,579261
4398,3178,3,2,1,1953,Urban,Good,Yes,942827
4399,4642,5,3,3,2001,Urban,Fair,No,1370580
4400,3967,4,3,3,2023,Suburban,Good,Yes,1198656
4401,1417,1,1,2,1967,Suburban,Good,No,536935
4402,611,1,1,1,2000,Suburban,Excellent,No,437911
4403,794,1,1,3,1972,Suburban,Fair,Yes,381326
4404,3137,4,3,2,1974,Downtown,Fair,Yes,1029557
4405,3442,3,3,2,2009,Downtown,Good,No,1085203
4406,2829,3,1,2,1986,Rural,Excellent,Yes,858004
4407,3609,4,3,2,2017,Suburban,Good,No,1095692
4408,2677,2,2,2,1967,Urban,Good,Yes,895006
4409,4467,4,4,3,1978,Downtown,Excellent,Yes,1461616
4410,1043,1,1,1,1979,Rural,Excellent,Yes,458756
4411,897,1,1,1,1956,Urban,Good,Yes,396620
4412,1444,1,1,1,1990,Downtown,Excellent,No,748481
4413,1615,2,2,1,2023,Rural,Good,Yes,531793
4414,1984,2,1,1,1986,Suburban,Fair,Yes,658375
4415,1997,2,1,1,1976,Suburban,Fair,Yes,685143
4416,1153,1,1,1,1970,Downtown,Good,No,619178
4417,2950,3,2,1,1992,Suburban,Excellent,Yes,1015421
4418,1869,2,2,1,2000,Suburban,Excellent,Yes,761618
4419,1860,3,2,1,2020,Suburban,Fair,No,615955
4420,784,1,1,2,1962,Urban,Poor,Yes,317328
4421,3010,4,3,2,2002,Rural,Excellent,No,960675
4422,2809,4,4,1,2012,Urban,Good,Yes,1001791
4423,4272,5,4,2,2006,Downtown,Fair,Yes,1327852
4424,2481,1,1,3,1974,Urban,Good,Yes,850506
4425,4896,5,4,3,1962,Suburban,Fair,No,1290843
4426,1121,1,1,1,1986,Suburban,Excellent,Yes,524174
4427,2487,4,3,2,1979,Suburban,Excellent,Yes,1082145
4428,3152,4,2,2,1961,Downtown,Excellent,No,1093323
4429,4409,4,3,1,2014,Rural,Fair,Yes,1173176
4430,4755,5,4,1,1967,Urban,Excellent,Yes,1473354
4431,4079,4,4,1,2011,Downtown,Good,Yes,1307699
4432,2009,1,1,2,1973,Suburban,Good,Yes,635148
4433,2294,3,3,2,2009,Downtown,Good,Yes,886078
4434,1126,1,1,2,1966,Urban,Excellent,Yes,617926
4435,3260,4,3,1,2009,Urban,Good,Yes,1092850
4436,2772,3,2,1,1958,Urban,Good,Yes,853070
4437,879,2,2,1,2001,Urban,Excellent,Yes,683047
4438,3564,4,3,2,1964,Urban,Good,Yes,1152354
4439,4577,5,3,3,1977,Urban,Excellent,Yes,1426599
4440,3269,3,1,2,1958,Urban,Good,Yes,975962
4441,3493,4,3,3,2005,Suburban,Good,Yes,1101321
4442,2351,1,1,2,1985,Downtown,Good,Yes,796510
4443,4581,5,3,2,2005,Suburban,Fair,No,1212983
4444,2961,2,1,2,2020,Suburban,Excellent,Yes,1002833
4445,4731,4,2,2,1969,Suburban,Fair,Yes,1215115
4446,2308,2,1,2,2004,Suburban,Good,No,837248
4447,3286,4,3,3,2009,Downtown,Fair,Yes,1109030
4448,3495,4,2,2,1984,Downtown,Fair,No,1077608
4449,3376,4,3,1,2023,Suburban,Good,Yes,1096247
4450,1719,2,2,2,1950,Suburban,Excellent,Yes,731002
4451,3588,5,4,3,1994,Urban,Good,Yes,1207835
4452,4859,5,4,2,2018,Suburban,Poor,Yes,1278028
4453,4843,5,4,2,1989,Suburban,Good,Yes,1368811
4454,794,1,1,1,1987,Suburban,Good,Yes,457780
4455,1262,2,1,2,1973,Suburban,Fair,Yes,494146
4456,1079,2,2,1,1953,Downtown,Good,Yes,731644
4457,4818,5,4,1,2018,Downtown,Poor,Yes,1384240
4458,2023,2,1,2,1962,Urban,Good,Yes,748642
4459,3308,2,2,1,1970,Downtown,Good,No,1015852
4460,3775,3,4,2,1981,Rural,Good,Yes,1042221
4461,4414,3,2,3,1987,Downtown,Good,Yes,1365503
4462,2614,2,1,1,1981,Downtown,Good,Yes,862427
4463,4389,5,3,2,2006,Downtown,Good,No,1472106
4464,3043,3,2,2,1997,Suburban,Good,No,890397
4465,1511,3,3,1,1979,Suburban,Good,No,650616
4466,3813,4,3,2,2020,Suburban,Good,Yes,1177428
4467,2964,3,2,2,1987,Rural,Good,Yes,861891
4468,4229,5,3,2,1993,Urban,Excellent,Yes,1419370
4469,4072,3,2,3,1975,Downtown,Fair,Yes,1290142
4470,1280,1,1,2,1951,Suburban,Good,Yes,477557
4471,1209,2,1,3,1992,Suburban,Good,Yes,543166
4472,2756,3,2,2,1992,Downtown,Good,Yes,1032958
4473,4466,5,4,1,2012,Urban,Good,No,1329736
4474,971,1,1,2,2022,Suburban,Good,Yes,493426
4475,1215,1,1,1,2007,Urban,Good,No,535489
4476,2853,2,2,2,1997,Urban,Good,Yes,920308
4477,4738,5,3,2,1954,Suburban,Fair,Yes,1210531
4478,1464,1,1,2,1984,Downtown,Fair,Yes,646993
4479,1868,2,1,1,1965,Suburban,Excellent,Yes,708691
4480,1384,3,2,2,1998,Downtown,Excellent,Yes,799450
4481,4778,5,4,1,2009,Downtown,Good,Yes,1396424
4482,2837,3,2,2,2000,Suburban,Good,Yes,905410
4483,4654,5,3,2,2008,Downtown,Good,Yes,1539482
4484,1535,2,1,3,2013,Suburban,Good,Yes,640525
4485,4580,5,4,1,1962,Downtown,Good,No,1356919
4486,2938,3,2,2,1975,Downtown,Good,Yes,1006044
4487,925,1,1,2,2019,Downtown,Poor,Yes,542646
4488,2134,2,1,3,1952,Suburban,Fair,Yes,712813
4489,4080,4,3,2,1961,Urban,Good,Yes,1187647
4490,4461,5,4,1,1990,Urban,Excellent,Yes,1339576
4491,2585,1,1,2,2014,Urban,Excellent,Yes,902289
4492,3378,5,4,2,2012,Suburban,Good,Yes,1107009
4493,1870,2,2,2,1999,Downtown,Fair,No,728215
4494,1240,1,1,3,1996,Rural,Good,Yes,542228
4495,4678,5,3,1,1957,Rural,Poor,Yes,1071323
4496,1967,1,1,3,1980,Urban,Good,No,713385
4497,4642,5,3,1,1960,Urban,Good,Yes,1352554
4498,3175,2,1,3,1966,Rural,Good,Yes,871653
4499,4203,4,2,3,1976,Urban,Excellent,No,1301956
4500,2181,1,1,2,1976,Rural,Good,Yes,545590
4501,2586,3,1,2,2005,Downtown,Fair,No,908376
4502,2840,3,1,1,2018,Urban,Fair,No,863743
4503,4566,4,2,1,1996,Rural,Fair,Yes,1098766
4504,2705,3,3,1,1968,Urban,Good,No,965125
4505,728,1,1,1,2006,Urban,Good,Yes,532459
4506,4596,5,3,2,1980,Suburban,Good,Yes,1270282
4507,1451,1,1,1,1965,Rural,Excellent,Yes,509747
4508,4703,5,4,3,1994,Downtown,Fair,Yes,1484046
4509,2676,2,1,2,1976,Rural,Good,No,713780
4510,3594,3,3,2,2010,Suburban,Good,Yes,1032514
4511,4344,4,3,2,1975,Rural,Fair,Yes,1186966
4512,3356,4,3,1,1978,Suburban,Good,No,986610
4513,2244,3,2,1,1993,Suburban,Good,No,756056
4514,4971,5,4,1,1978,Suburban,Poor,Yes,1302098
4515,3744,4,3,2,1951,Downtown,Excellent,Yes,1228860
4516,842,1,1,2,1955,Rural,Fair,Yes,373376
4517,4685,5,3,1,1958,Downtown,Poor,No,1222759
4518,770,1,1,3,1964,Downtown,Fair,Yes,515161
4519,1252,3,2,1,2007,Suburban,Good,No,559377
4520,4112,4,2,2,1951,Downtown,Good,Yes,1300502
4521,2099,2,2,2,1952,Suburban,Good,Yes,740568
4522,2699,3,2,2,2001,Suburban,Poor,No,752661
4523,2758,3,3,3,2004,Urban,Fair,No,841328
4524,2572,4,2,2,2002,Downtown,Poor,Yes,928016
4525,4525,4,3,2,2021,Urban,Fair,No,1272008
4526,2858,3,2,1,1989,Rural,Good,Yes,760419
4527,4639,5,3,3,1988,Suburban,Good,No,1310713
4528,2635,3,2,2,1992,Downtown,Good,Yes,1015814
4529,3871,5,2,1,1962,Rural,Fair,No,968242
4530,1457,1,1,2,1986,Urban,Excellent,Yes,662762
4531,4423,5,3,1,2004,Urban,Good,Yes,1391934
4532,1649,1,1,1,1981,Downtown,Excellent,No,808561
4533,4590,4,3,3,1963,Urban,Poor,No,1143107
4534,898,2,1,2,2014,Suburban,Poor,Yes,469885
4535,1523,2,3,1,1976,Urban,Good,Yes,705114
4536,4832,5,4,2,1973,Suburban,Fair,No,1254033
4537,4906,5,3,3,1971,Suburban,Good,No,1326925
4538,3399,4,2,1,1994,Urban,Fair,No,989711
4539,4662,4,3,2,1957,Suburban,Fair,Yes,1268684
4540,4645,5,4,2,2016,Downtown,Fair,Yes,1408451
4541,2402,3,2,1,2013,Suburban,Good,Yes,753520
4542,3313,4,2,2,1996,Urban,Good,Yes,1073405
4543,3453,4,2,1,1970,Downtown,Poor,Yes,1073948
4544,3257,4,3,2,1981,Urban,Fair,No,1050305
4545,3946,3,2,3,1994,Rural,Good,Yes,1046873
4546,2071,3,2,1,1993,Suburban,Good,Yes,779123
4547,3549,4,3,3,1990,Rural,Good,Yes,1092810
4548,1541,1,1,2,2001,Urban,Good,Yes,682838
4549,2507,4,3,1,1960,Rural,Poor,No,748231
4550,1843,2,2,2,1967,Urban,Good,Yes,793091
4551,2066,2,1,1,1960,Suburban,Good,No,624323
4552,4557,5,4,3,1976,Urban,Good,Yes,1378666
4553,2566,3,2,2,1992,Downtown,Poor,Yes,949788
4554,975,2,1,2,2014,Suburban,Good,Yes,485054
4555,862,1,1,2,2003,Suburban,Excellent,No,501463
4556,4962,5,3,2,1978,Suburban,Excellent,Yes,1518395
4557,3988,3,2,3,1970,Urban,Good,No,1229171
4558,3995,4,2,2,1978,Suburban,Fair,No,1072120
4559,2544,2,1,3,1958,Downtown,Good,Yes,830445
4560,2493,2,1,2,2010,Downtown,Fair,Yes,859128
4561,4234,4,2,1,2011,Rural,Fair,Yes,1113674
4562,2252,2,1,3,2020,Suburban,Good,No,723461
4563,4741,5,4,2,1954,Rural,Good,Yes,1369011
4564,4492,5,4,2,1964,Urban,Fair,No,1250331
4565,1199,2,1,3,2006,Rural,Excellent,No,602264
4566,2512,2,1,1,1954,Suburban,Fair,Yes,700696
4567,1892,2,2,2,1969,Urban,Good,No,720159
4568,1200,2,2,1,1953,Urban,Good,No,549460
4569,980,1,1,2,2005,Suburban,Fair,No,392723
4570,4813,5,4,3,1983,Suburban,Fair,No,1283421
4571,4237,5,3,3,1989,Urban,Poor,Yes,1244527
4572,2763,4,3,2,2018,Suburban,Excellent,Yes,1022435
4573,4955,5,2,2,2017,Urban,Good,Yes,1412817
4574,1698,1,1,3,1971,Suburban,Poor,No,514602
4575,965,1,1,2,1963,Rural,Excellent,Yes,523403
4576,3170,4,2,1,2017,Urban,Good,Yes,1136553
4577,4019,5,4,2,1957,Suburban,Poor,Yes,1057693
4578,3076,2,2,3,2016,Urban,Good,Yes,980204
4579,1390,2,2,3,1995,Suburban,Good,Yes,693775
4580,4169,4,4,2,1978,Rural,Fair,No,1042827
4581,1346,1,1,3,1961,Urban,Good,Yes,587681
4582,912,2,1,1,2001,Downtown,Fair,No,464412
4583,1520,1,1,1,2007,Suburban,Good,No,586941
4584,1677,2,2,3,1951,Suburban,Poor,No,514749
4585,3429,4,3,1,1950,Urban,Fair,Yes,1070147
4586,2981,3,1,1,2004,Downtown,Excellent,No,1084574
4587,4218,5,3,2,1983,Downtown,Good,Yes,1396746
4588,1397,1,1,2,2013,Urban,Fair,No,599902
4589,872,1,1,2,2017,Suburban,Good,Yes,475869
4590,3610,3,2,1,1961,Urban,Excellent,No,1089594
4591,2373,1,1,3,1999,Suburban,Fair,Yes,729856
4592,3147,3,2,3,1970,Downtown,Good,Yes,1082041
4593,3764,5,4,2,1959,Downtown,Good,No,1262917
4594,1546,1,1,2,2019,Downtown,Good,Yes,708901
4595,3265,4,2,2,1963,Suburban,Good,No,975258
4596,1106,1,1,2,1989,Urban,Good,Yes,536799
4597,843,1,1,2,1979,Rural,Excellent,Yes,457022
4598,1105,2,1,2,2022,Urban,Excellent,No,660138
4599,3758,4,3,1,1963,Urban,Fair,Yes,1041265
4600,4190,5,3,1,2001,Urban,Excellent,No,1325434
4601,2472,1,1,2,1966,Urban,Good,Yes,857352
4602,4393,4,3,2,2011,Suburban,Good,Yes,1315543
4603,1792,2,2,2,1971,Rural,Excellent,Yes,611301
4604,2064,2,1,2,2002,Downtown,Good,Yes,782159
4605,990,2,1,2,1981,Suburban,Poor,Yes,436148
4606,3977,5,3,2,2004,Suburban,Excellent,Yes,1279489
4607,1272,2,1,1,1971,Rural,Poor,Yes,364348
4608,3160,3,2,2,1987,Urban,Good,Yes,906990
4609,1811,1,1,2,1999,Downtown,Good,Yes,715494
4610,1529,1,1,2,2015,Suburban,Fair,Yes,621199
4611,2139,3,2,2,1994,Urban,Excellent,Yes,915064
4612,1512,1,1,2,1957,Suburban,Fair,No,565112
4613,1243,3,2,3,2014,Rural,Excellent,No,646397
4614,1101,2,2,2,1989,Downtown,Excellent,Yes,746675
4615,1329,2,1,2,1954,Suburban,Good,Yes,481700
4616,1883,2,1,3,1994,Rural,Good,No,613849
4617,2718,3,2,2,1995,Rural,Good,Yes,820027
4618,4986,5,4,2,1985,Suburban,Good,Yes,1354478
4619,4436,3,1,1,1966,Suburban,Good,Yes,1208616
4620,1519,1,1,2,1990,Downtown,Excellent,Yes,762803
4621,4650,5,2,2,1979,Rural,Good,Yes,1242617
4622,2939,3,2,2,2001,Urban,Excellent,No,977832
4623,1355,1,1,2,1969,Downtown,Good,Yes,668114
4624,2469,2,1,3,1985,Urban,Fair,Yes,797248
4625,1107,2,2,1,2015,Suburban,Poor,Yes,572774
4626,2036,3,2,2,1994,Urban,Good,Yes,792235
4627,3175,3,2,2,1953,Suburban,Excellent,No,936570
4628,4026,5,3,2,1999,Urban,Good,Yes,1278968
4629,1158,1,1,3,2004,Urban,Good,No,554894
4630,3702,3,2,1,2008,Downtown,Good,Yes,1192907
4631,4222,5,3,1,1991,Urban,Fair,No,1270823
4632,4999,5,3,2,1951,Downtown,Fair,No,1337733
4633,4657,5,3,2,1995,Urban,Fair,Yes,1335883
4634,4315,4,2,2,1951,Downtown,Fair,Yes,1211987
4635,1901,1,1,3,1999,Rural,Poor,Yes,483349
4636,2755,3,2,1,1950,Suburban,Fair,Yes,791482
4637,1292,2,1,2,1962,Suburban,Excellent,No,577692
4638,4950,5,3,2,2019,Urban,Good,Yes,1535510
4639,2078,1,1,3,1971,Urban,Good,Yes,718726
4640,856,1,1,3,1966,Suburban,Good,Yes,450822
4641,3030,4,3,2,2008,Suburban,Fair,Yes,879113
4642,1041,1,1,2,2019,Downtown,Good,No,621723
4643,2481,2,2,1,1952,Urban,Poor,No,691170
4644,3246,3,2,2,2019,Rural,Excellent,Yes,1028931
4645,4420,3,2,2,1998,Urban,Fair,No,1187357
4646,2335,3,3,2,1999,Downtown,Excellent,Yes,937080
4647,4335,5,4,2,1984,Downtown,Good,No,1436969
4648,3245,3,1,2,1972,Suburban,Good,Yes,963627
4649,618,2,1,2,2021,Suburban,Excellent,No,519370
4650,1724,2,1,2,1956,Urban,Fair,Yes,706245
4651,4585,5,4,1,1999,Downtown,Fair,Yes,1365906
4652,3254,4,3,1,1959,Urban,Good,No,950323
4653,2680,3,1,1,2004,Urban,Excellent,Yes,918736
4654,2147,4,3,3,2023,Urban,Poor,No,790768
4655,1461,2,2,1,1968,Urban,Fair,Yes,590456
4656,754,1,1,3,1972,Downtown,Good,Yes,631364
4657,4094,3,2,1,2013,Suburban,Good,Yes,1166487
4658,1504,1,1,2,1982,Suburban,Fair,No,429988
4659,1869,2,1,3,2015,Suburban,Good,No,653364
4660,1004,2,2,2,1958,Urban,Good,Yes,540761
4661,1443,2,2,1,1978,Rural,Poor,Yes,418791
4662,2382,2,1,1,1967,Rural,Good,No,606591
4663,2164,1,2,3,2020,Urban,Good,Yes,767045
4664,1784,1,1,2,1978,Urban,Excellent,Yes,745551
4665,1346,2,1,2,2010,Suburban,Good,No,547384
4666,2325,2,1,2,1954,Suburban,Poor,Yes,579765
4667,3788,3,2,2,2018,Rural,Good,Yes,1113769
4668,870,1,1,1,2005,Suburban,Excellent,Yes,524819
4669,4556,5,4,2,2001,Urban,Fair,No,1393767
4670,771,1,1,2,1964,Urban,Good,Yes,530231
4671,873,1,1,1,1969,Urban,Good,No,431902
4672,2906,3,2,2,2022,Rural,Fair,No,879882
4673,1758,2,2,3,1965,Rural,Good,Yes,657730
4674,2306,2,1,3,1974,Downtown,Good,No,814033
4675,2371,2,2,1,2006,Suburban,Good,No,747065
4676,1021,2,1,1,1970,Suburban,Fair,Yes,457330
4677,1809,2,1,3,1954,Urban,Excellent,Yes,756387
4678,1490,1,1,1,1958,Rural,Fair,Yes,468858
4679,3867,5,4,1,1960,Suburban,Good,Yes,1179564
4680,2073,1,1,3,2014,Urban,Good,Yes,825118
4681,3843,5,3,1,2012,Urban,Fair,Yes,1208180
4682,2781,3,2,2,1975,Urban,Excellent,No,933163
4683,2049,1,1,2,2023,Urban,Good,Yes,693449
4684,3696,4,3,3,1968,Downtown,Good,No,1159228
4685,3856,4,2,1,1965,Downtown,Good,Yes,1297173
4686,3756,5,3,3,2005,Suburban,Excellent,Yes,1291702
4687,2190,3,2,2,2017,Suburban,Excellent,No,845464
4688,4839,5,3,2,1979,Suburban,Good,Yes,1413410
4689,4581,5,3,1,1956,Suburban,Good,Yes,1270072
4690,2035,2,2,1,1961,Rural,Fair,Yes,580936
4691,823,2,1,2,1973,Rural,Good,Yes,422094
4692,819,2,1,2,1971,Urban,Poor,Yes,403872
4693,4874,5,4,3,1996,Downtown,Good,Yes,1478792
4694,2254,3,2,2,1979,Urban,Excellent,Yes,924313
4695,864,1,1,2,2009,Suburban,Good,Yes,485940
4696,1553,1,1,2,1988,Rural,Good,Yes,513918
4697,4333,4,3,2,1969,Suburban,Excellent,No,1269868
4698,3374,4,1,2,1975,Suburban,Excellent,Yes,1047466
4699,3724,4,2,1,1998,Suburban,Good,No,1096219
4700,1079,1,1,3,2018,Suburban,Excellent,No,518153
4701,4114,5,3,2,1991,Rural,Poor,Yes,999540
4702,1953,4,3,2,1955,Suburban,Poor,Yes,609166
4703,3922,4,3,2,2002,Suburban,Poor,Yes,1073288
4704,4478,5,4,2,1983,Urban,Poor,No,1163979
4705,1489,2,1,1,2018,Urban,Good,Yes,749633
4706,4454,5,3,1,1959,Downtown,Excellent,Yes,1494323
4707,1524,2,1,3,1977,Downtown,Good,Yes,750715
4708,2770,3,2,1,1952,Downtown,Good,Yes,1003874
4709,2502,2,2,2,1997,Rural,Good,Yes,719496
4710,2995,4,4,1,2015,Downtown,Good,Yes,1181473
4711,628,1,1,2,1984,Downtown,Fair,Yes,466352
4712,634,1,1,1,2001,Urban,Good,No,433380
4713,4189,5,3,2,2011,Urban,Good,No,1264066
4714,3270,5,3,2,2001,Rural,Good,Yes,977245
4715,3965,4,3,1,1996,Downtown,Good,Yes,1296870
4716,1188,1,1,2,2003,Rural,Excellent,No,470488
4717,3818,3,2,3,1977,Downtown,Fair,No,1110438
4718,3738,4,2,2,1972,Rural,Good,No,884113
4719,1503,2,1,3,1984,Suburban,Excellent,No,666826
4720,4686,4,3,3,1981,Suburban,Excellent,No,1331632
4721,2769,3,2,3,1951,Urban,Poor,No,753852
4722,939,2,1,3,1965,Suburban,Good,Yes,493736
4723,4870,5,4,1,1965,Suburban,Good,No,1295737
4724,2314,2,3,3,2000,Downtown,Fair,Yes,823023
4725,1156,1,1,3,2016,Downtown,Good,Yes,743021
4726,3687,4,3,3,2003,Rural,Good,Yes,1138869
4727,3866,4,4,1,1969,Urban,Good,No,1188476
4728,4167,5,4,3,1982,Rural,Poor,No,1117301
4729,2656,2,2,2,1957,Suburban,Excellent,No,824890
4730,4499,5,2,2,1973,Urban,Good,Yes,1310461
4731,1616,1,1,1,2002,Downtown,Good,Yes,689076
4732,2662,2,1,1,2013,Rural,Good,No,740351
4733,1438,2,2,3,2007,Suburban,Excellent,Yes,757426
4734,2237,2,1,2,1986,Downtown,Excellent,No,879066
4735,4921,5,3,2,1961,Suburban,Good,No,1257749
4736,4096,4,3,3,1953,Downtown,Good,Yes,1306971
4737,2413,3,2,1,1980,Rural,Good,Yes,712682
4738,4079,3,2,2,1987,Downtown,Fair,Yes,1241068
4739,2051,3,2,2,1986,Urban,Fair,No,812397
4740,2913,3,2,1,1963,Downtown,Good,Yes,1045940
4741,2114,1,1,1,2022,Downtown,Good,Yes,812587
4742,1831,2,2,1,1973,Suburban,Poor,No,538440
4743,2245,4,3,1,1959,Suburban,Good,Yes,806677
4744,3599,5,2,2,1987,Suburban,Good,Yes,1065848
4745,4040,4,3,3,1992,Suburban,Good,No,1142237
4746,4656,5,3,2,1986,Urban,Excellent,Yes,1426112
4747,905,1,1,1,1991,Suburban,Poor,Yes,352248
4748,4136,3,2,1,1981,Rural,Good,Yes,1004414
4749,2323,2,1,3,1963,Urban,Good,No,775837
4750,2289,3,2,3,1953,Urban,Fair,Yes,791379
4751,2117,3,2,1,1973,Urban,Good,Yes,697794
4752,4517,5,3,1,1959,Urban,Good,No,1268719
4753,1019,1,1,2,1965,Urban,Good,Yes,420576
4754,3536,3,3,2,1988,Suburban,Good,Yes,1015646
4755,4462,5,3,2,1967,Rural,Excellent,Yes,1207673
4756,4829,5,3,2,1974,Urban,Excellent,Yes,1444332
4757,2050,2,2,2,1956,Suburban,Excellent,No,703656
4758,3696,4,3,3,2005,Downtown,Excellent,No,1268337
4759,3861,4,3,1,1996,Suburban,Poor,Yes,1126791
4760,1764,2,2,3,1952,Suburban,Good,Yes,624524
4761,2469,1,1,2,1950,Urban,Excellent,No,856245
4762,2419,3,2,2,1982,Downtown,Good,Yes,964660
4763,3305,3,1,2,2020,Suburban,Good,Yes,1019127
4764,4115,5,4,2,2023,Suburban,Good,No,1296769
4765,1942,1,1,2,2008,Suburban,Fair,No,578076
4766,2826,4,3,2,2021,Downtown,Good,Yes,1089452
4767,1679,1,1,1,1981,Downtown,Good,Yes,668852
4768,4806,5,3,2,1966,Urban,Good,Yes,1276440
4769,3379,5,3,2,1966,Downtown,Good,Yes,1184413
4770,3128,2,1,1,1970,Suburban,Excellent,Yes,1021121
4771,1413,2,1,3,2004,Suburban,Fair,No,478046
4772,2631,2,1,1,1955,Suburban,Good,Yes,721218
4773,922,1,1,2,1998,Rural,Good,Yes,429859
4774,3569,3,2,1,1975,Downtown,Good,No,1084358
4775,1503,2,1,2,1981,Suburban,Good,Yes,674980
4776,2141,2,2,1,2021,Downtown,Excellent,No,878448
4777,4103,3,1,2,1993,Downtown,Good,Yes,1305558
4778,3253,4,3,1,2008,Downtown,Fair,Yes,1119122
4779,3076,3,1,1,1978,Rural,Good,Yes,889726
4780,3940,3,1,2,1966,Urban,Fair,Yes,1037352
4781,4843,5,4,2,1967,Downtown,Good,No,1428397
4782,1741,3,2,1,1989,Suburban,Fair,Yes,650568
4783,1449,1,1,1,2012,Downtown,Good,Yes,706634
4784,966,1,1,3,1994,Downtown,Good,No,548311
4785,3497,4,3,1,1952,Suburban,Fair,Yes,964011
4786,1689,1,1,3,1952,Downtown,Good,Yes,783489
4787,4641,5,4,2,1987,Rural,Good,Yes,1313642
4788,2638,3,2,1,2022,Suburban,Good,Yes,831887
4789,3460,5,4,2,1989,Downtown,Excellent,Yes,1308137
4790,4870,5,4,3,2017,Downtown,Good,Yes,1590298
4791,2454,2,1,2,2003,Suburban,Good,Yes,769074
4792,1094,1,1,2,1969,Urban,Good,Yes,567333
4793,3782,3,2,2,1964,Suburban,Good,No,1055247
4794,2384,2,2,3,1954,Suburban,Good,No,673414
4795,4110,5,4,2,1988,Suburban,Fair,Yes,1160734
4796,4386,5,4,1,1989,Suburban,Good,Yes,1258828
4797,4730,5,3,1,1956,Rural,Good,Yes,1226156
4798,1598,2,1,1,2021,Downtown,Good,Yes,729246
4799,2051,2,1,1,1982,Downtown,Good,No,787309
4800,2351,2,1,1,1986,Suburban,Fair,Yes,689123
4801,2880,3,2,2,1981,Urban,Good,Yes,891976
4802,3534,4,3,1,1992,Urban,Good,No,970403
4803,4334,5,4,2,2012,Suburban,Fair,No,1198267
4804,3946,3,2,2,1985,Urban,Good,No,1134709
4805,2473,3,2,1,1998,Downtown,Excellent,Yes,1006094
4806,4403,4,2,1,1974,Suburban,Fair,Yes,1102171
4807,2579,3,3,1,2015,Suburban,Excellent,Yes,989852
4808,1298,2,2,1,1958,Downtown,Good,Yes,649001
4809,1912,1,1,3,1967,Suburban,Excellent,No,721475
4810,3562,3,1,2,1971,Urban,Poor,Yes,997875
4811,3538,3,3,1,1964,Urban,Poor,No,978337
4812,2900,3,3,2,1956,Downtown,Fair,Yes,1005382
4813,3797,3,2,1,1962,Downtown,Excellent,No,1132129
4814,726,2,1,2,1985,Suburban,Good,Yes,457941
4815,1791,2,1,2,1965,Suburban,Good,No,679189
4816,3239,4,2,2,1990,Rural,Excellent,No,958085
4817,4989,4,2,1,1970,Urban,Poor,Yes,1186655
4818,4516,5,4,1,1977,Rural,Good,No,1223622
4819,1966,3,3,2,2023,Urban,Good,Yes,874943
4820,1619,1,1,3,1966,Downtown,Good,No,673154
4821,4679,4,2,3,2014,Downtown,Poor,Yes,1313135
4822,1284,1,2,1,1962,Suburban,Good,Yes,540150
4823,4229,4,2,2,1985,Suburban,Good,Yes,1226964
4824,3487,3,2,2,2007,Suburban,Poor,Yes,950110
4825,2062,2,1,3,1969,Suburban,Fair,Yes,691759
4826,4686,5,3,1,2001,Downtown,Fair,Yes,1461250
4827,2861,1,1,2,1955,Downtown,Good,No,871342
4828,4780,5,3,1,1972,Downtown,Fair,No,1465015
4829,3441,4,2,2,1991,Downtown,Good,Yes,1244134
4830,2367,3,3,2,1973,Suburban,Good,No,776152
4831,4780,5,3,2,1954,Rural,Excellent,Yes,1400516
4832,4160,5,3,3,1981,Urban,Good,Yes,1267915
4833,2712,3,1,2,1995,Suburban,Good,Yes,980667
4834,1226,1,1,2,1966,Downtown,Good,No,578852
4835,4759,5,3,1,1976,Urban,Good,Yes,1391671
4836,4014,5,3,2,2017,Urban,Excellent,No,1327821
4837,1975,1,1,2,1972,Downtown,Excellent,Yes,811868
4838,1781,2,2,1,1983,Downtown,Good,Yes,797755
4839,1090,1,1,3,1970,Urban,Good,No,575876
4840,4329,5,4,1,1971,Urban,Good,Yes,1310565
4841,4134,4,2,2,2014,Urban,Poor,Yes,1161972
4842,3896,5,3,3,1981,Urban,Excellent,Yes,1339618
4843,2540,3,3,3,2011,Urban,Good,Yes,911774
4844,2482,3,4,2,1977,Rural,Good,No,777910
4845,3587,5,4,1,1956,Suburban,Fair,Yes,1113320
4846,3759,3,2,3,2003,Rural,Poor,Yes,925955
4847,1281,2,2,1,2019,Suburban,Poor,No,497610
4848,1673,1,1,3,1963,Suburban,Fair,Yes,485992
4849,2987,4,3,2,2004,Downtown,Good,Yes,1116178
4850,2994,4,2,2,2007,Suburban,Poor,No,842026
4851,3293,3,2,1,1993,Urban,Excellent,No,1061022
4852,1970,1,1,2,1995,Downtown,Good,Yes,780181
4853,4940,5,3,3,1963,Downtown,Fair,Yes,1486605
4854,2756,5,3,3,1993,Urban,Good,No,966566
4855,3180,3,2,1,1990,Urban,Poor,Yes,894537
4856,4991,5,4,3,2022,Rural,Excellent,Yes,1407315
4857,2759,2,1,1,1951,Urban,Good,No,754815
4858,3848,4,3,2,1954,Rural,Fair,Yes,995193
4859,4331,5,4,2,1961,Urban,Fair,No,1186224
4860,4429,5,3,1,1996,Suburban,Good,Yes,1285520
4861,2227,3,2,1,1984,Suburban,Good,Yes,791130
4862,4072,4,3,2,1968,Suburban,Good,No,1143735
4863,627,1,1,2,2012,Urban,Good,Yes,519691
4864,2585,3,1,1,1957,Suburban,Good,Yes,695038
4865,4753,5,3,2,1972,Urban,Good,Yes,1446296
4866,2121,2,2,3,1962,Suburban,Good,Yes,739877
4867,896,2,1,2,1972,Suburban,Good,No,483339
4868,2781,3,1,1,1980,Urban,Fair,No,776029
4869,4002,4,3,1,1979,Urban,Good,No,1110649
4870,2896,3,2,2,1991,Downtown,Poor,No,921521
4871,3197,3,2,2,1951,Rural,Fair,Yes,857895
4872,1501,1,1,2,1960,Suburban,Good,Yes,505913
4873,1698,3,1,3,1974,Downtown,Good,Yes,817413
4874,2277,2,2,2,1978,Urban,Poor,Yes,751580
4875,3481,3,3,1,1971,Urban,Fair,No,1015132
4876,1978,2,1,3,1968,Urban,Excellent,Yes,816112
4877,1848,2,1,2,2022,Suburban,Good,No,685047
4878,4335,4,3,2,1990,Suburban,Fair,No,1230962
4879,4841,5,3,3,1987,Suburban,Poor,Yes,1246908
4880,1864,2,1,3,1978,Rural,Good,No,621072
4881,2507,4,3,2,2023,Suburban,Good,Yes,947798
4882,1658,3,2,1,1971,Suburban,Fair,No,515845
4883,3349,3,1,3,1957,Suburban,Good,Yes,907416
4884,2648,3,3,2,1996,Suburban,Good,No,876547
4885,4848,5,4,2,1955,Rural,Good,Yes,1212150
4886,3076,4,2,2,1956,Suburban,Excellent,No,872333
4887,4616,5,4,2,1985,Downtown,Poor,No,1460292
4888,3797,4,3,3,1957,Rural,Excellent,No,1037910
4889,4153,4,3,2,1995,Suburban,Excellent,No,1275912
4890,2361,3,2,3,2013,Downtown,Good,No,943871
4891,820,1,1,3,1980,Suburban,Excellent,No,596900
4892,3488,2,1,3,1972,Urban,Good,Yes,1117113
4893,2264,3,2,2,2010,Suburban,Excellent,No,873104
4894,4586,4,2,3,1999,Rural,Good,Yes,1152222
4895,3577,3,1,2,1995,Urban,Fair,Yes,1100010
4896,2471,3,2,1,1992,Rural,Good,Yes,704953
4897,2062,1,1,3,1959,Suburban,Fair,Yes,677350
4898,944,1,1,2,1969,Suburban,Fair,Yes,371244
4899,644,1,1,1,1965,Urban,Good,No,384437
4900,2668,2,2,1,1952,Downtown,Excellent,No,1044911
4901,2114,2,1,1,1979,Urban,Good,Yes,764804
4902,3198,2,1,2,1967,Downtown,Good,No,948934
4903,1601,2,2,2,2008,Urban,Fair,Yes,660662
4904,1633,2,1,1,2019,Suburban,Good,Yes,659484
4905,2640,3,2,3,1984,Rural,Good,Yes,776907
4906,873,1,1,1,1968,Downtown,Poor,No,441159
4907,3247,4,2,2,1975,Downtown,Poor,No,941277
4908,2379,2,1,2,1984,Suburban,Good,No,640669
4909,1078,2,1,2,2021,Urban,Good,Yes,602967
4910,1115,1,1,2,2006,Rural,Good,Yes,431588
4911,4886,5,3,1,1998,Suburban,Excellent,Yes,1427260
4912,1791,2,2,3,1959,Suburban,Excellent,No,694986
4913,3268,4,4,1,1978,Downtown,Good,No,1152340
4914,2011,3,2,3,2020,Downtown,Good,Yes,941788
4915,3880,4,3,2,2017,Urban,Fair,No,1052344
4916,871,1,1,2,1973,Downtown,Fair,No,478516
4917,742,2,1,2,1992,Suburban,Excellent,No,480965
4918,3932,3,3,1,1988,Urban,Good,No,1120954
4919,1387,1,1,2,1974,Suburban,Good,Yes,471346
4920,2281,3,2,3,2017,Suburban,Fair,No,619207
4921,1222,3,2,1,1983,Urban,Excellent,Yes,769449
4922,4441,5,4,2,2002,Suburban,Poor,No,1173129
4923,4276,5,4,2,2004,Suburban,Fair,Yes,1253109
4924,3172,3,2,2,2002,Urban,Fair,Yes,953065
4925,3860,4,3,1,1967,Downtown,Good,No,1126919
4926,666,1,1,2,1956,Suburban,Good,No,343752
4927,4886,5,3,3,2012,Suburban,Good,No,1322026
4928,1740,2,2,1,1991,Urban,Poor,Yes,644130
4929,2914,2,1,2,1960,Urban,Excellent,Yes,975681
4930,3132,3,2,2,1958,Urban,Excellent,Yes,1078973
4931,4180,5,4,2,1984,Urban,Fair,No,1237604
4932,1787,3,1,2,2014,Downtown,Excellent,Yes,798667
4933,3939,4,3,2,1954,Suburban,Excellent,No,1143688
4934,1148,1,1,1,1975,Suburban,Good,No,421691
4935,4687,5,4,3,2000,Suburban,Fair,Yes,1335131
4936,672,2,2,3,1987,Urban,Excellent,Yes,576259
4937,798,1,1,1,1952,Urban,Poor,No,338240
4938,3801,4,4,2,2008,Suburban,Fair,No,1108549
4939,2381,2,2,2,1962,Suburban,Good,Yes,764182
4940,1171,1,1,3,1984,Rural,Good,Yes,478123
4941,1390,1,1,3,1952,Urban,Good,Yes,615783
4942,2238,2,1,3,2002,Suburban,Good,No,746794
4943,2431,2,1,1,2004,Suburban,Good,Yes,799662
4944,2455,3,2,3,1994,Rural,Good,No,784351
4945,1774,2,1,3,2015,Rural,Fair,Yes,564982
4946,4340,4,3,2,2016,Rural,Good,No,1123590
4947,3877,4,3,2,1993,Rural,Excellent,No,1127432
4948,778,3,2,2,2022,Suburban,Excellent,Yes,592105
4949,2844,3,2,2,2017,Downtown,Good,Yes,1045658
4950,4686,5,3,1,2011,Suburban,Poor,No,1193721
4951,1334,2,1,1,1974,Urban,Excellent,Yes,741086
4952,1398,1,1,1,2001,Downtown,Poor,Yes,606114
4953,1387,2,1,2,1999,Suburban,Fair,No,571749
4954,3395,2,1,1,1950,Suburban,Excellent,Yes,994580
4955,4904,5,4,2,1988,Suburban,Good,Yes,1405458
4956,3684,4,3,1,2001,Urban,Good,No,1146593
4957,3518,4,2,3,1989,Urban,Excellent,Yes,1169395
4958,1331,1,1,3,2009,Rural,Excellent,Yes,525028
4959,1729,3,2,3,2022,Suburban,Good,Yes,775202
4960,4046,5,4,2,2018,Urban,Excellent,Yes,1392312
4961,2205,3,2,1,1969,Suburban,Good,Yes,826304
4962,4378,5,4,2,1951,Rural,Fair,No,1147412
4963,3345,3,2,1,1958,Urban,Excellent,Yes,1054006
4964,3770,2,1,3,1988,Downtown,Poor,Yes,1007598
4965,3533,5,4,1,1979,Urban,Fair,No,1096950
4966,1815,2,2,2,2003,Urban,Good,Yes,756949
4967,924,1,1,2,2007,Urban,Good,No,484146
4968,2450,3,2,3,1993,Suburban,Poor,Yes,782374
4969,2090,4,2,2,1992,Urban,Excellent,Yes,859899
4970,1493,1,1,2,1959,Downtown,Good,Yes,640989
4971,1990,3,2,2,1997,Downtown,Fair,No,914443
4972,3989,4,2,2,1966,Rural,Good,Yes,1018266
4973,4839,4,3,1,1954,Suburban,Good,Yes,1306497
4974,2863,4,4,3,2019,Urban,Good,Yes,1123539
4975,4032,5,3,2,2023,Urban,Poor,No,1192084
4976,2971,3,2,1,2013,Urban,Good,Yes,1021643
4977,3686,5,4,3,2015,Suburban,Poor,No,1090490
4978,4912,4,2,2,2020,Suburban,Excellent,Yes,1408493
4979,2115,1,1,3,1953,Rural,Poor,Yes,578476
4980,3517,3,2,3,1977,Suburban,Good,Yes,1103766
4981,2952,3,1,3,1987,Rural,Good,Yes,898729
4982,1767,3,2,1,2015,Downtown,Good,Yes,902161
4983,710,1,1,1,2016,Rural,Poor,Yes,320321
4984,4927,5,4,3,2009,Suburban,Fair,Yes,1364668
4985,4255,4,3,3,1996,Downtown,Fair,No,1238189
4986,4393,5,3,2,1974,Urban,Good,Yes,1330760
4987,2355,2,2,2,2015,Suburban,Fair,No,744019
4988,2177,1,1,1,2016,Downtown,Fair,Yes,799668
4989,1896,2,1,3,2018,Suburban,Poor,No,660535
4990,4374,5,4,1,1989,Suburban,Excellent,No,1288350
4991,2820,2,1,1,1999,Urban,Excellent,Yes,954510
4992,1572,2,1,2,1989,Downtown,Good,Yes,750439
4993,1630,2,2,1,1986,Rural,Good,No,530473
4994,3193,4,3,3,2018,Urban,Fair,No,949068
4995,4592,5,4,1,1966,Downtown,Good,No,1355382
4996,1513,3,2,1,2011,Urban,Good,Yes,675475
4997,2781,3,2,2,1990,Rural,Good,No,858049
4998,3797,5,3,2,1991,Suburban,Good,Yes,1131066
4999,2062,1,1,1,1980,Urban,Good,No,680068
5000,2978,5,4,2,1982,Urban,Poor,Yes,983456
